African Country Code,Indicator Name,1960,1961,1962,1963,1964,1965,1966,1967,1968,1969,1970,1971,1972,1973,1974,1975,1976,1977,1978,1979,1980,1981,1982,1983,1984,1985,1986,1987,1988,1989,1990,1991,1992,1993,1994,1995,1996,1997,1998,1999,2000,2001,2002,2003,2004,2005,2006,2007,2008,2009,2010,2011,2012,2013,2014,2015,2016,2017,2018,2019,2020,2021
AGO,GDP (current US$),,,,,,,,,,,,,,,,,,,,,5930503401,5550483036,5550483036,5784341596,6131475065,7553560459,7072063346,8083872012,8769250550,10201099039,11228764963,10603784541,8307810974,5768720422,4438321017,5538749260,7526446606,7648377413,6506229607,6152922943,9129594819,8936063723,15285594828,17812704825,23552047248,36970918699,52381006892,65266452081,88538610805,70307166934,81699526881,1.09437E+11,1.24998E+11,1.33402E+11,1.37244E+11,87219300385,49840491178,68972769396,77792944472,69309110146,53619073505,67404287260
BDI,GDP (current US$),195999990,202999992,213500006,232749998,260750008,158994963,165444571.4,178297142.9,183200000,190205714.3,242732571.4,252842285.7,246804571.4,304339839.6,345263492.1,420986666.7,448412753.6,547535555.6,610225555.6,782496666.7,919726666.7,969046666.7,1013222222,1082926304,987143931.2,1149979286,1201725497,1131466494,1082403219,1113924130,1132101253,1167398478,1083037671,938632612,925030590.2,1000428394,869033856.3,972896267.9,893770806.1,808077223.4,870486065.9,876794723.1,825394490.2,784654423.6,915257323.4,1117113046,1273375020,1356199365,1611835902,1781455092,2032135247,2235820868,2333341375,2451606684,2705783272,3104003611,2639321161,2712324134,2660123598,2576518846,2649671999,2779813489
BEN,GDP (current US$),226195579.4,235668222.4,236434906.8,253927646.5,269818988.3,289908720.6,302925280.8,306222000.4,326323097.4,330748211.5,333627758.2,335072975.2,410331901,504376035.7,554654787,676870140.3,698408244.4,750049739.2,928843304.8,1186231265,1405251547,1291119965,1267778489,1095348303,1051133927,1045712703,1336102041,1562412030,1620246187,1502294411,1959965244,1986437860,1695315306,2274557914,1598075932,2169627251,2361116588,2268301538,2455092582,3677394292,3519991326,3666222600,4194342849,5349258334,6190270756,6567654494,7034111651,8169048690,9787735426,9738626993,9535345011,10693321370,11141358106,12517845128,13284527850,11388160997,11821065852,12701655846,14262408080,14391686309,15651545209,17144918952
BFA,GDP (current US$),330442817.2,350247237.1,379567023.3,394040588.3,410321618.2,422916848.4,433889831.6,450753993.2,460442678.2,478298597.6,458404330.1,482411103.8,578595584,674773518.4,751133330.6,939972703.5,976547163.5,1131224818,1475583383,1748480982,1928719477,1775842026,1754449845,1600278756,1459880019,1552493068,2036303381,2369834650,2616040646,2615587726,3101300642,3135045684,3356692518,3199536228,1895290623,2379518099,2586550747,2447668985,2804902248,3389566983,2968369991,3190371050,3622350204,4740768355,5451688868,6146352742,6547420134,7625723124,9451436359,9450697336,10109618964,12080296644,12561016091,13444301139,13943016924,11832159276,12833363370,14106956830,15890065020,16178162030,17933606353,19737615114
BWA,GDP (current US$),30412308.99,32902336.64,35643207.63,38091150.57,41613969.05,45790869.75,51464435.15,58646443.51,66248256.62,77356914.08,96245114.46,127456485.1,164466873.7,244129088,306033848.4,355172413.8,372010119.6,451603325.4,590376720.6,819877300.6,1060923829,1073861599,1014907255,1172258182,1240796365,1114764007,1392634772,1965274882,2644536804,3083800685,3790567052,3942792837,4146513722,4160086253,4259330999,4730611067,4847752843,5020214747,4790458837,5484257417,5788329609,5489608300,5438857107,7511582173,8957467707,9918907108,9919158482,10567270656,10730763099,10118518637,12637319933,15110716534,13907510006,14271752527,15470059202,13530738158,15082579074,16105182316,17031901441,16695928793,14930072459,17614791266
CAF,GDP (current US$),112155598.9,123134584.5,124482748.9,129379097.9,142025069.5,150574816.3,157930041.9,163820538.9,191767437,188039191.3,189106554.5,201450768.4,230317908,271183061.4,281398668.2,378660016.3,451152450,507298120.7,610578523.8,700764892.7,797048028.8,694803502.7,748312283.7,658679394.9,637820620.7,864849765.1,1122265026,1200991826,1264899368,1233930277,1440711396,1377375031,1411917558,1278781167,851174350.6,1115389732,1007791186,937741468,967338348.7,999477510.7,916777282.7,932648595.8,996068183.7,1142315574,1272360595,1337894285,1461859832,1699811359,1993408072,2067381766,2142591376,2437982840,2510126699,1691544192,1894813505,1695825708,1825018191,2072349794,2220978978,2221301401,2326720921,2516498299
CIV,GDP (current US$),546203561.6,618245639.2,645284344.7,761047045.8,921063266.4,919771356.4,1024103034,1082922892,1281281246,1361360157,1455482990,1584128262,1849400600,2508421235,3070151901,3893839190,4662053708,6265067858,7900524898,9142935858,10175615442,8432588484,7567109767,6838185419,6841638715,6977650069,9158302205,10087653189,10255170460,9757410614,10795850107,10492628915,11152971316,11045759469,8313557450,11000146839,18071153890,18047557172,19619653924,18870992456,16577533355,16810536884,18054384023,21251755294,23510577108,24036917017,25281414473,28760092034,34078243426,33886814907,34936305297,36693712825,36302305578,42760237561,48843008580,45814637971,47964234560,51588158718,58011466451,58539424930,61348579465,70043191477
CMR,GDP (current US$),614206071,652777613.6,694247725.5,718320701.4,776650126.2,814083378.5,851112662.7,936175404.6,1046191192,1100551379,1151217147,1236941201,1498252050,1901393216,2157415246,2857037371,2898089929,3394663844,4662851757,5919004207,6674567625,6610937473,6611255018,6870200659,7311937457,8544809794,11857056336,13049658331,12236058143,11012566161,12314482085,11840192674,12071775381,16181813512,8902446188,10864773037,11093539497,10789457915,11298144512,11565827386,10566578953,10953485244,12417251816,15970315751,18826215278,19509850837,20910513975,23928251334,27715144580,27932971683,27507499709,30630912185,30155064574,33728622819,36386546918,32210232912,33814337900,36098550142,39973839065,39670977333,40773241531,45338283345
COD,GDP (current US$),3359404118,3086746857,3779841429,6213185743,2881545273,4043901818,4532660182,3384063372,3909780539,5032434970,4877684910,5594770359,6173712814,7870239461,9596960180,10237343174,9648583225,12344424764,15372608002,15068422236,14394927495,12537821038,13651667371,11006712650,7857729193,7195042616,8095367168,7661625473,8861299977,9021862775,9349764580,9633911368,8227200892,10706246371,5820382232,5643439373,5771454940,6090840548,6217806273,4711259427,19088046306,7438189100,8728038525,8937567060,10297483481,11964484668,14451902468,16737071816,19788515874,18648373312,21565720044,25839749199,29306235826,32679745298,35909040266,37917704900,37134799975,38019265626,47568210069,51775830726,48716960860,55350968593
COG,GDP (current US$),131731862.6,151675739.2,166521239.9,172233430.9,185693724.8,198318063.9,220613582.4,237397428.3,251247458,265040036.1,274960699.9,322128019.3,410669262.9,541973362.5,585364635.4,767102679,754549600.5,765224030.6,878771771.3,1198749666,1705796850,1993512326,2160640567,2097274290,2193581366,2160872541,1849268215,2297753649,2212536313,2389593022,2798746051,2724853508,2933222706,2684323618,1769365439,2116003868,2540697538,2322719101,1949481381,2354772959,3227927697,2796704577,3034251042,3503723245,4656975223,6650001214,8072305415,8782703767,11649858744,9723300391,13148395202,15655384440,17692912613,17958721572,17912908766,11890259136,10219341277,11094822713,13670036996,12750339023,10483151176,13366230220
COM,GDP (current US$),,,,,,,,,,,,,,,,,,,,,212218226.4,196349967.7,184008995.6,191621958.4,184697210,196726077.1,279197696.8,337525870.6,356500026.7,341476764,429622147.7,424108796.6,457388578.9,452881443.1,319189200.4,398461789.6,396053797.6,364445589.7,370106776,382454989.9,351136568.4,378512003.4,425964697.4,546885185,633706149.3,653845122.9,698431827.7,795673128.5,915659192.8,905341090.6,907978723.5,1023086184,1015843369,1116224161,1149587652,966029542,1012835518,1077439663,1188797575,1195019559,1225039231,1296089633
CPV,GDP (current US$),,,,,,,,,,,,,,,,,,,,,142246875.5,139468114.6,140630758.6,138476239.4,132019065,137728155.2,190651208,235253171.8,264308140.3,267448513.1,306891107.3,319827058.6,357160985.3,490417389.7,406580652.3,487148993.5,501979069.3,490608657.9,521910560.5,592416703.1,539227277.6,563090641.2,620507562.1,813260468.9,924940272.4,972241336.9,1107571017,1513040065,1787968044,1697737296,1663913071,1865915544,1741809809,1850470042,1859898513,1596800287,1663008687,1769787215,1966501118,1981845741,1703698677,1936174043
DJI,GDP (current US$),,,,,,,,,,,,,,,,,,,,,,,,,,340989528,,373371738.3,395794538.6,409220087.1,452328087.3,462421998.5,478058304.9,466048469.2,491689220.7,497723960.6,494004647.7,502675542,514267869.3,536080148.1,551230861.9,572417440.8,591122039.6,622044665.5,666072101.8,708633194.7,768873684,847918929.1,999105339.3,1049110685,1128611700,1239144502,1353632942,2042817163,2214679081,2424391785,2604955229,2762581334,2913466732,3088853639,3181071154,3482987379
DZA,GDP (current US$),2723593385,2434727330,2001428328,2702960118,2909292864,3136258897,3039834559,3370843066,3852115817,4257218772,4863487493,5077222367,6766766611,8707847924,13210029612,15557934268,17728347375,20971901273,26364491313,33243422158,42346380831,44348672668,45207088716,48801369800,53698278906,57937868670,63692238160,66746396416,59089067187,55634414465,62048562947,45715614560,48003078389,49945599429,42543178042,41764315330,46941582519,48177612042,48187747529,48640653469,54790392746,54744712815,56760355865,67863828413,85332581189,1.03198E+11,1.17027E+11,1.34977E+11,1.71001E+11,1.37211E+11,1.61207E+11,2.00013E+11,2.09059E+11,2.09755E+11,2.1381E+11,1.65979E+11,1.60034E+11,1.70097E+11,1.74911E+11,1.71767E+11,1.45009E+11,1.63044E+11
EGY,GDP (current US$),,,,,,4948667540,5278005612,5605484299,5932242991,6524455206,8042200452,8609283346,9299638056,10098534613,9228963225,11632178869,13315988083,14400806876,14811704063,18020571429,21669908176,22136081081,27655172414,30966239814,33971188992,39053502251,41253507951,40455616654,34980124929,39756299050,42978914311,37387836491,41855986519,46578631453,51897983393,60159245060,67629716981,78436578171,84828807556,90710704807,99838543960,96684636119,85146067416,80288461538,78782467532,89600665557,1.07426E+11,1.30438E+11,1.62818E+11,1.89147E+11,2.18984E+11,2.3599E+11,2.79117E+11,2.88434E+11,3.05595E+11,3.29367E+11,3.32442E+11,2.35734E+11,2.49713E+11,3.03081E+11,3.65253E+11,4.04143E+11
ERI,GDP (current US$),,,,,,,,,,,,,,,,,,,,,,,,,,,,,,,,,477101651.6,467872714.8,531688311.7,578015625,693535954.2,686490090.1,745526154.9,688921325.7,706370815.6,752368495.5,729321366.7,870247703.2,1109054005,1098425901,1211161880,1317974491,1380188800,1856695551,1589515447,2065001626,,,,,,,,,,
ETH,GDP (current US$),,,,,,,,,,,,,,,,,,,,,,7324903188,7707678019,8567890821,8096302367,9480840483,9848600870,10527338647,10908935749,11476584879,12175166763,13463868357,10492993078,8830712714,6927950565,7663984568,8547939731,8589211390,7818224906,7700833482,8242392104,8231326016,7850809498,8623691300,10131187261,12401139454,15280861835,19707616773,27066912635,32437389116,29933790334,31952763089,43310721414,47648211133,55612228234,64589334979,74296618481,81770791971,84269348327,95912590628,1.07658E+11,1.11271E+11
GAB,GDP (current US$),141468978.4,167637908.5,182796536.5,154480244.2,215679855.3,226474285.6,245849781.7,271543680.3,294468564.5,318124701.1,323802475.5,381687073.1,430508357.7,722780701.1,1544216004,2157592937,3009409971,2809349074,2389479269,3030251116,4279637934,3862269127,3618007844,3391275731,3561451562,3339914759,3403638194,3281797039,3834503378,4186411457,5952293766,5402919957,5592390849,4378645081,4190819314,4958845906,5694040337,5326816859,4483417120,4662992036,5080483464,5023265365,5335451308,6511903657,7770219480,9582783318,10327598801,12455410056,15571349776,12113699661,14372591916,18210308748,17170465294,17595745653,18203968002,14383107714,14023890620,14929488771,16867326390,16874405460,15314577168,20216843174
GHA,GDP (current US$),1217086835,1302521008,1382352941,1540616246,1731092437,2053221289,2126050420,1746806039,1666910166,1962051319,2215029450,2417107708,2112292945,2465492958,2894409938,2810106383,2765254237,3189428571,3662478185,4020227920,4445228216,4222441615,4035994398,4057275043,4412279843,4504342149,5727602645,5074829932,5197840979,5251764264,5889174825,6596546196,6413901602,5966255778,5444560669,6465137615,6934984709,6891308594,7480968858,7719354839,4983024408,5314909954,6166330136,7632406553,8881368538,10744675210,20440893017,24827844950,28678701891,26048108185,32197272797,39337314810,41270954737,62823043706,54782847753,49406568433,56165172899,60406382899,67299280680,68337537816,70043199814,77594279055
GIN,GDP (current US$),,,,,,,,,,,,,,,,,,,,,,,,,,,1995186721,2041538040,2384295982,2432029434,2666750686,3015058139,3284620543,3279096606,3383092828,3693710533,3868968302,3783700462,3588375477,3461282543,2995361141,2829435957,2950198649,3446441698,3635458133,2937071767,4220019243,6281917656,6964179194,6716904569,6853467858,6785137173,7638045254,8376613843,8778473615,8794202444,8595955581,10324668267,11857030337,13442861444,14177835816,16091817842
GMB,GDP (current US$),,,,,,,44212353.7,46695363.16,41160658.57,45168722.7,52296836.75,55728608.97,59161545,75187969.92,95797533.46,115182522.1,112189468.5,138094243.3,171836793.4,207114382.5,241080708.9,218764445.8,216051496,213446562.6,177338801.9,225724851.7,185646209.4,220626484.2,266673126.2,284119692.5,317083373.5,690314321.4,714255460.5,755042548.1,746491692.6,785996982.5,848237108.6,803630742.5,840285264.6,814723460.1,782915402.4,687408804.6,578236035.1,487038821.6,961900106.9,1027702254,1054113427,1279704745,1561763437,1450140386,1543292393,1409694554,1415006238,1375608956,1229460602,1378176868,1484579844,1504909753,1670670669,1813608280,1812169484,2038417462
GNB,GDP (current US$),,,,,,,,,,,78733594.84,78540057.14,87702828.57,89374237.29,98775328.95,108985740.2,112386489,114971207.2,122666858.8,118537875.1,110653830.7,154731969.7,165523634.5,163577538.3,138478900.6,143856253.1,130225018.8,173836362,164458120.3,213143016.4,243961995.5,257150374.1,226313443.7,236880821.7,235620043.5,253966922.3,270419779.4,268550998.2,206457544.5,224446663.8,371095510,392621385.9,417806667.1,477458598.7,532062927.4,587029054.4,592365688.1,696910810.9,868154708.5,830126470,849878424.2,1099818652,989271229.6,1046087418,1054915645,1048229629,1179004941,1350177128,1504630121,1439638443,1431758243,1638517533
GNQ,GDP (current US$),,,9122751.453,10840095.13,12712471.4,64748333.33,69110000,72317446.93,67514285.71,67225714.29,66331428.57,64946954.76,65429198.24,81203226.91,94159862.71,104295643.4,103653049.9,103987520.1,,,50642880.77,36731422.85,44294647.73,44442456.95,50320914.41,62118564.85,76407396.76,93345847.73,100534663.3,88265974.58,112119406.5,110906032.1,134707184.4,136047896.2,100807001.8,141853368.3,232463036.4,442337849.5,370687618.7,621117885.7,1045998496,1461139022,1806742742,2484745935,4410764339,8217369093,10086528699,13071718759,19749893536,15027795173,16314442183,21357344847,22388345810,21948835350,21765454404,13185496836,11240809132,12200912828,13097011143,11364133802,10099158075,12269392840
KEN,GDP (current US$),791265458.8,792959472.1,868111400,926589348.6,998759333.6,997919320,1164519673,1232559506,1353295458,1458379415,1603447357,1778391289,2107279157,2508998457,2969942180,3259344936,3474542392,4494378855,5303734883,6234390975,7265315332,6854491454,6431579358,5979198464,6191437071,6135034338,7239126717,7970820531,8355380879,8283114648,8572359163,8151479004,8209129172,5751789915,7148145376,9046326060,12045858436,13115773738,14093998844,12896013577,12705357103,12986007426,13147743911,14904517650,16095337094,18737897745,25825524821,31958195182,35895153328,42347217913,45405587557,46869457318,56396706006,61671425370,68285768554,70120413329,74815121315,82035800868,92202956321,1.0038E+11,1.00667E+11,1.10347E+11
LBR,GDP (current US$),,,,,,,,,,,,,,,,,,,,,,,,,,,,,,,,,,,,,,,,,874000000,906000000,927000000,748000000,897000000,949000000,1119000000,1373000000,1726000000,1768000000,1998000000,2398000000,2791614000,3177198100,3225652000,3227075700,3398419600,3390703400,3422754800,3319596500,3039982500,3509000000
LBY,GDP (current US$),,,,,,,,,,,,,,,,,,,,,,,,,,,,,,,28901836158,31995012469,33881392045,30657030223,28607921929,25544128199,27884615385,30698633109,27249786142,35976714101,38270206950,34110064452,20481889764,26265625000,33122307692,47334148578,60092950670,68035403136,86708074534,60810211408,75380170508,48167374612,92538004280,75350633011,57372445772,48717854040,49910960875,67158415842,76684175824,69252306372,50357312595,42817472975
LSO,GDP (current US$),34579308.41,35699286.01,41859162.82,47039059.22,51938961.22,54878902.42,56698866.02,59260814.78,61444771.1,65966680.67,68738625.23,76482102.91,80915831.92,121181556.2,150846210.4,149560513.9,147654093.8,193307267.7,266559337.6,290142517.8,431561376.5,434188034.2,348746822.6,386699308.9,333158476.2,268626912.5,318862888.4,402774852.7,470389179.7,495404888.1,596415104.5,704329192.8,831033941.1,835592802.3,878250450.6,1001889857,946123275.9,997996028.6,928458206,912771290.6,887295267.9,825706961.2,775780697.7,1157832935,1511236656,1682350935,1800105590,1682016947,1766825413,1740830511,2234731974,2579421686,2477702253,2367113170,2441053176,2359759799,2114428033,2306741845,2553495916,2453980835,2231214507,2496134680
MAR,GDP (current US$),2037150716,2025689537,2379606422,2657247327,2798339769,2948325264,2876395613,3046339295,3271415868,3651615453,3956328426,4356633663,5074117545,6242177798,7675408486,8984824183,9584323309,11049896742,13236854105,15912133569,21728770055,17788171722,17692341358,16251460689,14824728528,14991283216,19462175322,21765261042,25705296184,26314220188,30180108562,32285388165,33711069431,31655473664,35604137423,39030285468,43161452678,39147844526,41806219379,41632027600,38857251336,39459581217,42236836821,52064058834,59626020162,62343022651,68640825481,79041294874,92507257784,92897320376,93216746662,1.0137E+11,98266306615,1.06826E+11,1.19131E+11,1.10414E+11,1.11573E+11,1.18541E+11,1.27341E+11,1.2892E+11,1.21348E+11,1.42866E+11
MDG,GDP (current US$),673081724.1,699161943.9,739286906.9,759345863,802482182.9,833563472.2,900264583.7,956436931.2,1031669636,1056391055,1111859570,1199507630,1341590682,1653062347,1917508190,2283049233,2181844194,2358930406,2669755116,3463565881,5201818349,4759333970,4784977349,4686457013,3905938481,3802557895,4347989799,3212900561,3189456961,3175638333,3931334871,3254713056,3714967007,4063298919,3522226903,3838101052,4931861239,4262965282,4401967499,4277903780,4629247091,5438332738,5351701534,6372498720,5064732716,5859269849,6395712392,8524620739,10725137931,9616879571,9982711338,11551819618,11578974888,12423555269,12522957228,11323020829,11848613735,13176313594,13760033097,14104664515,13051441059,14472603323
MLI,GDP (current US$),,,,,,,,275494477.8,343771973.3,339913866.6,359772315.1,395218629.4,486617279.4,563683703.2,538747340.8,830710613.9,939228016.2,1049838550,1222702572,1595422954,1759691183,1538972427,1333754226,1297765326,1232932105,1392196049,1852163456,2090629984,2169040605,2181821906,2681912149,2724131460,2830673381,2818281080,2081846499,2706425158,2780422048,2697105822,2920358713,3440724708,2961484954,3468337909,3908121459,4714072191,5454249457,6247515450,6905934548,8156469133,9838404005,10231962891,10689167195,12995113407,12442036265,13242691430,14364937997,13104764334,14026048691,15365711725,17070866299,17280251194,17465392916,19140461606
MOZ,GDP (current US$),,,,,,,,,,,,,,,,,,,,,,,,,,,,,,,,3633406065,2639953231,2729550591,2796549978,2899922842,3856799844,4648832184,5263877520,5976408044,5656473652,5398568544,5677003239,6303391144,7631120533,8542070110,9176889070,10450843291,12556195189,11914471497,11104648673,14381552433,16350804543,16974320551,17716084108,15950969019,11936999283,13219084261,14845402474,15390039242,14028811072,15776758633
MRT,GDP (current US$),,159213140,164271590.8,168186331.3,224495789.3,255340526.7,266533659.2,282615367.5,311396000.3,295062138.1,309405316.1,335569088.7,391669449.3,493237544.4,613010958.1,703378653.4,775046377.6,799029666.6,804629876.8,951900945.2,1047924649,1105495368,1108776010,1165170626,1074373735,1009723326,1186628779,1344665271,1414951854,1450647019,1506914408,2133688270,2164292208,1847350612,1944876755,2091731421,2132081882,2072001067,2032345832,1985924387,1779523344,1746064719,1777058593,2051147607,2362501023,2936019526,3919577286,4346206809,5206444407,4714592493,5628882266,6764635687,6728208836,7223063170,6592537782,6166857629,6398738829,6800141922,7473550557,8066126312,8405491202,9996249658
MUS,GDP (current US$),,,,,,,,,,,,,,,,,704033525.4,823634464.9,1015365145,1211141231,1131788192,1142393555,1078408830,1090276947,1040557089,1076121094,1462900255,1880852914,2134517068,2181930255,2653480001,2856890681,3224267548,3263368410,3558137040,4040345933,4421943910,4187367602,4169664285,4343710333,4663313620,4613630623,4841310240,5816553827,6578844486,6488750453,7028803366,8150138757,9990370016,9128843109,10003670690,11518393367,11668685524,12292957324,13074137210,12007291046,12594149441,13713509312,14735695931,14436353898,11401050655,11529042672
MWI,GDP (current US$),162956740.9,174576508.5,183116337.7,190816183.7,194736105.3,229455410.9,260394792.1,269814968.2,245169806.8,265810632.4,290531621.3,365386929.8,406062874.3,444281703.9,548621017.6,613220652.9,670317634.2,806290840.6,949034016.8,1058269066,1237655461,1237685692,1180104216,1223186840,1208008985,1131347798,1183654828,1183094128,1379924257,1590215583,1880771556,2203545857,1799517082,2070636936,1181802596,1397457932,2281034131,2663234934,1750584265,1775921718,1743506531,1716502862,3495748398,3208837077,3476094499,3655909664,3998020177,4432937046,5321012192,6191127665,6959655571,8004000737,6028487929,5518880769,6047813437,6373212641,5433040160,8943543677,9880675786,11025371147,12182348213,12626717492
NAM,GDP (current US$),,,,,,,,,,,,,,,,,,,,,2422096075,2249854740,2118741469,2297400688,1951229618,1608219310,1809073862,2300105497,2495059627,2535113565,2789944498,2996885561,3429538534,3251230621,3666501464,3978497753,3989208662,4154955686,3873098656,3868541599,3922247990,3557333364,3349184760,4926471294,6609198833,7248394160,8001779551,8839526452,8607475308,8938868165,11431334447,12523402329,13042007432,12043276401,12435416063,11335179561,10721994676,12895153157,13682062251,12541928105,10581585630,12310595844
NER,GDP (current US$),449526872.6,485785234.9,531736492.9,586294761.5,582816358.3,673383604.2,702296184.4,665586975.1,641214210.7,625867922.7,649916708.2,693573595.3,742779740.4,946385033,1026136974,1048690933,1064517575,1291457973,1774365275,2109278102,2508524186,2170893039,2017611927,1803099732,1461243212,1440581534,1904097020,2233005823,2280356338,2179567108,3512356353,3285796980,3386232592,3052673623,1938058161,2302537682,2405687081,2290318800,2643363407,2537790023,2241753120,2448714681,2782192987,3394084885,3760443966,4383315657,4756361480,5731485267,7297600897,7352131669,7851191899,8772951262,9426913349,10224897935,10862944204,9683867894,10398862245,11185102400,12808660528,12916455161,13744174690,14915001427
NGA,GDP (current US$),4196092258,4467200336,4909302954,5165489010,5552822484,5874422512,6366792664,5203135937,5200895982,6634187316,12545849083,9181769912,12274416018,15162871287,24846641318,27778934625,36308883249,36035407725,36527862209,47259911894,64201788123,1.64475E+11,1.42769E+11,97094911792,73484359521,73745821158,54805852581,52676041931,49648470440,44003061108,54035795388,49118433048,47794925815,27752204320,33833042988,44062465800,51075815093,54457835193,54604050168,59372613486,69448756933,72797282065,95054094655,1.04739E+11,1.35765E+11,1.75671E+11,2.38455E+11,2.78261E+11," 339,476,215,684 ",2.95009E+11,3.66991E+11,4.14467E+11,4.63971E+11,5.20117E+11,5.74184E+11,4.93027E+11,4.04649E+11,3.75746E+11,4.21739E+11,4.4812E+11,4.32199E+11,4.40834E+11
RWA,GDP (current US$),119000024,122000016,125000008,128000000,129999994,148799980,124525702.9,159560018,172200018,188700037,219900006,222952578.2,246457838.3,290746157.1,308458423.2,571863295.7,637754162.1,746650558.6,905709147.3,1109346221,1254765350,1407062608,1407242640,1479688126,1587412957,1715625839,1944711061,2157434025,2395493878,2405021933,2550185618,1911600970,2029026704,1971525999,753636370.5,1293535011,1382334879,1851558302,1989343495,2155707325,2067579822,1965500949,1964832512,2137156727,2375376873,2932340855,3318107347,4068224991,5177230923,5671592572,6121529488,6881379762,7650671477,7815975294,8234762201,8539424910,8690878328,9252834120,9642440646,10356327149,10184345442,11070356519
SDN,GDP (current US$),1307333333,1419333333,1541666667,1568333333,1611333333,1679333333,1723000000,1865666667,1947333333,2144333333,2437666667,2656000000,2882000000,3571666667,4595000000,5598000000,6979333333,8704000000,7670500000,9032250000,8951800000,10016500000,8316000000,8230153846,10447615385,8089391304,10092200000,12093333333,14372555556,21408111111,33641222222,43891285714,7034219713,8881785938,12794192334,13829744879,9018243044,11681494637,11250327988,10682045258,12257418326,15716489370,18136839087,21355576673,26645490675,35182105414,45264519503,59440139775,64831935604,58316191440,74151186600,78403418360,63195499524,66026600235,76818327442,84985132167,1.02944E+11,1.29718E+11,32333780383,32338079165,27034593750,34326058557
SEN,GDP (current US$),1003692375,1058975266,1085475574,1122139637,1188930568,1210058396,1246908374,1246480959,1309384830,1245234807,1297407829,1339548824,1620857277,1863398448,2099324950,2830388405,2869777812,2938046307,3280354339,4084878668,4510107330,4095892072,4013950869,3569356462,3485165161,3818944603,5392093508,6487352283,6418419798,6366039353,7390967035,7255210701,7769817869,7367985695,5034588159,6326342963,6559712551,6041478436,6505607633,6592835458,6013184809,6507824767,7006402592,8768721956,10076817278,11009032665,11697918803,13994218939,16853991177,16145868285,16121314671,17814284622,17660871726,18918668644,19797254643,17774766636,19040312815,20996564752,23116897847,23398811424,24493157583,27625388352
SLE,GDP (current US$),322009471.6,327834680.6,342721579.8,348546952.1,371848114.7,359379856.2,375479849.8,348795303,329860091.9,408690163.5,434410373.8,419549425.1,465381090,575230234.4,648590642.9,679335901.1,594895672.3,691777758.4,960728338.9,1109374722,1100685845,1114830472,1295361886,995104305.3,1087471862,856890498.6,490181456.6,701307602.3,1055083945,932974411.9,649644826.8,779981458.9,679997997.6,768812334.8,911915970.7,870758739.4,941742152.7,850218033.6,672375927.3,669384768.9,635874002.2,1090467712,1253340520,1385810072,1448536631,1650494367,1885112202,2158496873,2505458705,2453899847,2578026297,2942546781,3801862611,4920343195,5015157816,4218723875,3674794530,3719369107,4085114794,4076578543,4063289450,4042237864
SOM,GDP (current US$),180459936.8,191659914.4,203531927.5,216145935.9,229529912.7,243724533.2,257374455.8,271780364.8,286718279.7,306357284.6,322600009.1,331102742.2,416942436.9,507028428.2,467577432.2,710850226.5,807275808.7,498550873,564986059.7,590419855.1,603592656.8,699112266.8,774419569.7,733901365.9,788307213.4,876404617.7,930318705.3,1009792724,1038291284,1092392963,917044228,,,,,,,,,,,,,,,,,,,,,,,4577000000,5024999992,5335000000,5534000000,5609000000,5856000006,6485000000,6883000000,7628000011
SSD,GDP (current US$),,,,,,,,,,,,,,,,,,,,,,,,,,,,,,,,,,,,,,,,,,,,,,,,,14586253383,12231264525,14602072411,14907308933,11931472169,18426469017,13962212847,11997800760,,,,,,
STP,GDP (current US$),,,,,,,,,,,,,,,,,,,,,,,,,,,,,,,,,,,,,,,,,,75951210.69,85171308.17,102085583.5,114582561.6,136450274.7,142775597.3,149146423.1,188021190.6,187820464.6,196652514.3,231489270.1,250680845.7,300554483.6,346528329.2,316066072.3,345495615,375614126.2,412253809.7,427425039.7,472551022.5,526653790.7
SWZ,GDP (current US$),35076158.48,43025199.5,45927061.46,54128377.43,64979280.41,70278594.43,76858462.83,74758504.83,79798404.03,105417891.6,112137757.2,136465324.4,146741251.5,221902017.3,264311994.1,288302907.4,272539098.4,304047838.1,340616375.3,412093133.8,542000513.6,570761166.8,537575980.8,555336145.8,494475699.9,360075380.3,449146608.3,584135559.9,692016714.3,696915430.7,1114703088,1156141998,1284766234,1357206996,1419293455,1698982438,1602760100,1716699913,1576904292,1547884442,1738100853,1542477309,1432228125,2197612701,2770082792,3178126492,3291353836,3469363996,3294093485,3580417067,4438778424,4820499924,4886533033,4597532030,4422968340,4063245671,3816022047,4402969226,4665237415,4495264161,3982226055,4743335153
SYC,GDP (current US$),12012012.01,11592011.59,12642026.57,13923029.26,15393032.35,15603032.8,16443034.56,16632032.81,16074027.35,16452027.99,18432031.36,21965951.72,30645121.01,36896278.22,43134498.69,47803145.96,49278979.55,64526398.66,85552369.91,127261099.2,147357222.8,154902869,147912069.8,146712850.5,151313242,168887539.1,207850623.6,249267039.8,283828769,304832867.4,368584758.9,374359556.1,433667193.8,473916819.5,486451204.6,508221508.2,503068472.2,562958836.5,608369282.2,622985493.7,614879764.8,622262057.2,697518248.2,705704816,839319927.3,919103254.5,1016418229,1033561654,967199594,847397850.1,969936525.3,1065826670,1059498884,1328091522,1387581392,1416001322,1490228319,1573433081,1636312010,1684373490,1261198524,1454458184
TCD,GDP (current US$),313582729.4,333975338.8,357635713.9,371767002.7,392247517.6,416926303,432794922.5,449826323,453980096.6,471635620.9,469266736.6,501866730.7,585427545.7,647199482.8,652532796.1,864602103.3,866044961,935360466.3,1113920123,1004316495,1033002402,876937559.7,834369860.4,832415806,919103735.3,1033069710,1067828247,1163426851,1482597299,1433686310,1738605558,1877138042,1881847677,1463251055,1179837955,1445919970,1607345450,1544689503,1744794457,1534673583,1388506727,1710843361,1997005787,2742815195,4422855929,6649307057,7428701809,8650138069,10393834721,9290728773,10668102735,12172309523,12367363678,12953535496,13940768066,10950392220,10097778354,10000395242,11239167048,11314951343,10715396135,11779980802
TGO,GDP (current US$),121128073.1,126396469.7,132237441.6,143255784.5,166104067.6,187300336.4,216136263.9,231706475.5,241956910.7,267732446.4,253976626.2,286537525,335677636.9,406479906.2,560437742.6,617321669.4,619375134.2,777435020.5,824263841.5,891775906.6,1136408814,962347001,821651918.7,765746590.6,718148959.6,762359722.7,1060911735,1249099130,1378847487,1352949663,1628427515,1602299863,1692959110,1233496846,982624324.5,1309382885,1465448290,1498950899,1587345951,1576672792,1491891108,1482437752,1706698099,2115836353,2259992642,2281482855,2351584608,2662612348,3323677130,3379258565,3429461495,3872459250,3873308389,4321655656,4574986537,4180866177,6031632168,6395472574,7112200725,7220395248,7574636979,8413200568
TUN,GDP (current US$),,,,,,991047619,1040952381,1085714286,1214666667,1289904762,1439238095,1685217059,2237476420,2730787476,3545933562,4328610490,4507929104,5109324009,5968044210,7188191882,8744134354,8428513568,8133401050,8350176783,8254891864,8410185740,9018136020,9696271268,10096292842,10102075213,12290568182,13074782609,15497286296,14608946896,15632463424,18030876599,19587322786,20746360430,21803372267,22943685719,21473261837,22066031834,23142153760,27453007373,31183059012,32273007554,34377310293,38914078352,44860969077,43454935940,46206091938,48122744708,47311159485,48684187850,50271072628,45780077488,44360754190,42163966273,42685972269,41906113686,42537832456,46686741814
TZA,GDP (current US$),,,,,,,,,,,,,,,,,,,,,,,,,,,,,5100405772,4420168102,4258743263,4956588279,4601413264,4257702197,4510846968,5255221425,6496195451,7683852497,12270448700,12711213451,13375976354,13581644246,14142035080,15224257698,16675948415,18399046025,18649590248,21843529025,27961527623,29081826159,32014247548,34657141721,39650522646,45680532614,49964825081,47378603784,49774004999,53320647489,57003685912,61136873692,62409709111,67841049193
UGA,GDP (current US$),423008385.7,441524109,449012578.6,516147798.7,589056603.8,884873949.6,925770308.1,967647058.8,1037815126,1169047619,1260084034,1417787115,1491596639,1702521008,2100142653,2359555556,2447300000,2936470588,2420260870,2139025000,1244610000,1337300000,2177500000,2240333333,3615647477,3519666339,3923232122,6269511615,6508931652,5276480986,4304398866,3321729057,2857457860,3220439044,3990430447,5755818947,6044585327,6269333313,6584815847,5998563258,6193246837,5840503869,6178563591,6606884391,7939487474,9239221859,9977647645,11902564401,14440404021,25127805566,26673441667,27871725206,27305915761,28915786997,32612397758,32387183845,29203988815,30744473912,32927025573,35353060634,37600368181,40529789026
ZAF,GDP (current US$),8748596504,9225996313,9813996079,10854195663,11955995223,13068994778,14211394321,15821393678,17124793157,19256992305,21218391522,23411079378,24515911652,33262767311,41389185875,42906919870,41150449966,45328399963,51607399958,63038687893,89411894561,93141478235,85904070614,96204110959,84870134619,64459376104,73354782109,96535747615,1.03977E+11,1.08056E+11,1.26048E+11,1.35204E+11,1.46957E+11,1.47197E+11,1.53513E+11,1.71735E+11,1.63237E+11,1.68977E+11,1.52983E+11,1.51517E+11,1.51753E+11,1.3543E+11,1.29088E+11,1.9702E+11,2.55807E+11,2.88868E+11,3.03861E+11,3.33075E+11,3.16132E+11,3.29753E+11,4.17365E+11,4.58202E+11,4.34401E+11,4.00886E+11,3.81199E+11,3.4671E+11,3.23586E+11,3.81449E+11,4.0416E+11,3.88532E+11,3.3762E+11,4.19015E+11
ZMB,GDP (current US$),713000000,696285714.3,693142857.1,718714285.7,839428571.4,1082857143,1264285714,1368000000,1605857143,1965714286,1825285714,1687000000,1910714286,2268714286,3121833333,2618666667,2746714286,2483000000,2813375000,3325500000,3829500000,3872666667,3994777778,3216307692,2739444444,2281258065,1661948718,2269894737,3713614458,3998637681,3285217391,3378882353,3181921788,3273237853,3656647744,3807067122,3597220962,4303281932,3537683046,3404311977,3600683040,4094480988,4193845678,4901839731,6221077675,8331870169,12756858899,14056957976,17910858638,15328342304,20265559484,23459515276,25503060420,28037239463,27141023558,21251216799,20958412538,25873601261,26311590297,23308667781,18110631358,22147634727
ZWE,GDP (current US$),1052990400,1096646600,1117601600,1159511700,1217138000,1311435800,1281749500,1397002000,1479599900,1747998800,1884206300,2178716300,2677729400,3309353600,3982161400,4371300700,4318372000,4364382100,4351600500,5177459400,6678868200,8011373800,8539700700,7764067000,6352125900,5637259300,6217523700,6741215100,7814784100,8286322700,8783816700,8641481700,6751472200,6563813300,6890675000,7111270700,8553146600,8529571600,6401968200,6858013100,6689957600,6777384700,6342116400,5727591800,5805598400,5755215200,5443896500,5291950100,4415702800,9665793264,12041655180,14101920310,17114849880,19091019990,19495519630,19963120610,20548678070,17584890937,34156069918,21832234926,21509698406,28371238666
