Code,Year,Life expectancy at birth (historical)
DZA,1923,28.82
DZA,1933,31.22
DZA,1943,33.72
DZA,1950,42.4
DZA,1951,42.5
DZA,1952,42.9
DZA,1953,42.9
DZA,1954,40.2
DZA,1955,40.4
DZA,1956,40.3
DZA,1957,40.4
DZA,1958,40.4
DZA,1959,40.5
DZA,1960,40.5
DZA,1961,40.5
DZA,1962,39.3
DZA,1963,42.9
DZA,1964,42.8
DZA,1965,42.7
DZA,1966,42.5
DZA,1967,42.6
DZA,1968,42.6
DZA,1969,42.8
DZA,1970,43.2
DZA,1971,43.7
DZA,1972,44.3
DZA,1973,45.1
DZA,1974,46
DZA,1975,47
DZA,1976,48
DZA,1977,49.2
DZA,1978,50.4
DZA,1979,51.8
DZA,1980,53.3
DZA,1981,55.3
DZA,1982,57.4
DZA,1983,59.5
DZA,1984,61.7
DZA,1985,63.6
DZA,1986,65.2
DZA,1987,65.8
DZA,1988,67
DZA,1989,67.1
DZA,1990,67.4
DZA,1991,67.7
DZA,1992,67.8
DZA,1993,67.7
DZA,1994,67.4
DZA,1995,67.5
DZA,1996,68.7
DZA,1997,69.2
DZA,1998,69.5
DZA,1999,70
DZA,2000,70.5
DZA,2001,70.8
DZA,2002,71.2
DZA,2003,71.3
DZA,2004,71.8
DZA,2005,72.1
DZA,2006,72.3
DZA,2007,72.6
DZA,2008,72.9
DZA,2009,73.6
DZA,2010,73.8
DZA,2011,74.1
DZA,2012,74.2
DZA,2013,74.6
DZA,2014,75.1
DZA,2015,75.6
DZA,2016,75.7
DZA,2017,75.7
DZA,2018,76.1
DZA,2019,76.5
DZA,2020,74.5
DZA,2021,76.4
AGO,1940,26.98
AGO,1950,36.3
AGO,1951,36.4
AGO,1952,36.5
AGO,1953,36.7
AGO,1954,36.9
AGO,1955,37.1
AGO,1956,37.3
AGO,1957,37.5
AGO,1958,37.7
AGO,1959,38
AGO,1960,38.2
AGO,1961,37.3
AGO,1962,37.5
AGO,1963,37.8
AGO,1964,38.1
AGO,1965,38.5
AGO,1966,38.8
AGO,1967,39.1
AGO,1968,39.5
AGO,1969,39.8
AGO,1970,40.2
AGO,1971,40.6
AGO,1972,40.9
AGO,1973,41.3
AGO,1974,41.7
AGO,1975,41.2
AGO,1976,41.2
AGO,1977,41.4
AGO,1978,41.8
AGO,1979,42.2
AGO,1980,42.4
AGO,1981,42.8
AGO,1982,43.1
AGO,1983,42.1
AGO,1984,42.4
AGO,1985,42.6
AGO,1986,42.8
AGO,1987,40.9
AGO,1988,41.5
AGO,1989,41.8
AGO,1990,41.9
AGO,1991,43.8
AGO,1992,42.2
AGO,1993,42.1
AGO,1994,43.4
AGO,1995,45.8
AGO,1996,46
AGO,1997,46.3
AGO,1998,45.1
AGO,1999,45.4
AGO,2000,46
AGO,2001,46.6
AGO,2002,47.4
AGO,2003,49.6
AGO,2004,50.6
AGO,2005,51.6
AGO,2006,52.4
AGO,2007,53.6
AGO,2008,54.6
AGO,2009,55.8
AGO,2010,56.7
AGO,2011,57.6
AGO,2012,58.6
AGO,2013,59.3
AGO,2014,60
AGO,2015,60.7
AGO,2016,61.1
AGO,2017,61.7
AGO,2018,62.1
AGO,2019,62.4
AGO,2020,62.3
AGO,2021,61.6
BEN,1950,35
BEN,1951,35.2
BEN,1952,35.5
BEN,1953,35.8
BEN,1954,36.1
BEN,1955,36.4
BEN,1956,36.8
BEN,1957,37.1
BEN,1958,37.5
BEN,1959,37.9
BEN,1960,38.2
BEN,1961,38.5
BEN,1962,38.9
BEN,1963,39.3
BEN,1964,39.8
BEN,1965,40.2
BEN,1966,40.6
BEN,1967,41.1
BEN,1968,41.5
BEN,1969,41.8
BEN,1970,42.2
BEN,1971,42.6
BEN,1972,43.2
BEN,1973,43.6
BEN,1974,44.1
BEN,1975,44.7
BEN,1976,45.5
BEN,1977,46.2
BEN,1978,47
BEN,1979,47.4
BEN,1980,47.9
BEN,1981,48.3
BEN,1982,48.8
BEN,1983,49.3
BEN,1984,49.7
BEN,1985,50.4
BEN,1986,51.1
BEN,1987,51.7
BEN,1988,52.3
BEN,1989,52.7
BEN,1990,53.3
BEN,1991,53.6
BEN,1992,54.1
BEN,1993,54.5
BEN,1994,54.9
BEN,1995,55.3
BEN,1996,55.6
BEN,1997,56
BEN,1998,56.2
BEN,1999,56.5
BEN,2000,56.6
BEN,2001,56.7
BEN,2002,56.6
BEN,2003,56.7
BEN,2004,56.8
BEN,2005,57.1
BEN,2006,57.5
BEN,2007,57.7
BEN,2008,57.9
BEN,2009,58
BEN,2010,58.4
BEN,2011,58.5
BEN,2012,58.7
BEN,2013,59
BEN,2014,59.1
BEN,2015,59.4
BEN,2016,59.5
BEN,2017,59.9
BEN,2018,60.1
BEN,2019,60.5
BEN,2020,60.1
BEN,2021,59.8
BWA,1950,44.9
BWA,1951,45.3
BWA,1952,45.9
BWA,1953,46.5
BWA,1954,47.1
BWA,1955,47.6
BWA,1956,48.2
BWA,1957,48.7
BWA,1958,49.3
BWA,1959,49.8
BWA,1960,50.4
BWA,1961,50.9
BWA,1962,51.4
BWA,1963,51.9
BWA,1964,52.3
BWA,1965,52.8
BWA,1966,53.3
BWA,1967,53.7
BWA,1968,54.2
BWA,1969,54.7
BWA,1970,55.2
BWA,1971,55.7
BWA,1972,56.3
BWA,1973,56.9
BWA,1974,57.4
BWA,1975,58
BWA,1976,58.6
BWA,1977,59.2
BWA,1978,59.7
BWA,1979,60.2
BWA,1980,60.6
BWA,1981,61.1
BWA,1982,61.6
BWA,1983,62
BWA,1984,62.4
BWA,1985,62.6
BWA,1986,62.7
BWA,1987,62.5
BWA,1988,61.8
BWA,1989,61.4
BWA,1990,60.5
BWA,1991,59.5
BWA,1992,58.3
BWA,1993,57.7
BWA,1994,56.2
BWA,1995,55.1
BWA,1996,54.4
BWA,1997,53.4
BWA,1998,52.5
BWA,1999,51.7
BWA,2000,51
BWA,2001,50.7
BWA,2002,50.6
BWA,2003,50.9
BWA,2004,51.6
BWA,2005,52.6
BWA,2006,53.9
BWA,2007,55.7
BWA,2008,57.1
BWA,2009,58.3
BWA,2010,60
BWA,2011,60.5
BWA,2012,60.8
BWA,2013,62
BWA,2014,62.6
BWA,2015,63.8
BWA,2016,65.5
BWA,2017,66.8
BWA,2018,65.4
BWA,2019,65.5
BWA,2020,65.6
BWA,2021,61.1
BFA,1950,33.1
BFA,1951,33.4
BFA,1952,33.6
BFA,1953,33.8
BFA,1954,34.1
BFA,1955,34.5
BFA,1956,34.7
BFA,1957,35
BFA,1958,35.3
BFA,1959,35.6
BFA,1960,35.9
BFA,1961,36.2
BFA,1962,36.7
BFA,1963,37
BFA,1964,37.3
BFA,1965,37.7
BFA,1966,37.9
BFA,1967,38.3
BFA,1968,38.5
BFA,1969,38.9
BFA,1970,39.2
BFA,1971,39.6
BFA,1972,40.1
BFA,1973,40.5
BFA,1974,41.4
BFA,1975,42.3
BFA,1976,43.2
BFA,1977,44.1
BFA,1978,45.1
BFA,1979,45.9
BFA,1980,46.5
BFA,1981,46.9
BFA,1982,47.6
BFA,1983,48.1
BFA,1984,48.6
BFA,1985,48.9
BFA,1986,49
BFA,1987,49.1
BFA,1988,49.1
BFA,1989,49.2
BFA,1990,49.4
BFA,1991,49.5
BFA,1992,49.4
BFA,1993,49.2
BFA,1994,49.3
BFA,1995,49.4
BFA,1996,49.6
BFA,1997,49.4
BFA,1998,50
BFA,1999,50.3
BFA,2000,50.8
BFA,2001,51.1
BFA,2002,51.3
BFA,2003,51.8
BFA,2004,52.4
BFA,2005,53.1
BFA,2006,53.7
BFA,2007,54.4
BFA,2008,55.3
BFA,2009,56
BFA,2010,56.5
BFA,2011,57.1
BFA,2012,57.6
BFA,2013,57.8
BFA,2014,58.4
BFA,2015,58.8
BFA,2016,59.3
BFA,2017,59.5
BFA,2018,60
BFA,2019,60
BFA,2020,59.7
BFA,2021,59.3
BDI,1950,40.6
BDI,1951,40.8
BDI,1952,41
BDI,1953,41.3
BDI,1954,41.6
BDI,1955,41.9
BDI,1956,42.1
BDI,1957,42.3
BDI,1958,42.6
BDI,1959,42.8
BDI,1960,43
BDI,1961,43.3
BDI,1962,43.4
BDI,1963,43.7
BDI,1964,44
BDI,1965,42
BDI,1966,43.5
BDI,1967,43.3
BDI,1968,43.4
BDI,1969,42.9
BDI,1970,43
BDI,1971,43
BDI,1972,25.6
BDI,1973,37.3
BDI,1974,43
BDI,1975,43
BDI,1976,43.1
BDI,1977,43.5
BDI,1978,43.8
BDI,1979,44.6
BDI,1980,45.4
BDI,1981,46.4
BDI,1982,47.3
BDI,1983,48.1
BDI,1984,48.5
BDI,1985,48.5
BDI,1986,48.2
BDI,1987,47.5
BDI,1988,43
BDI,1989,45.6
BDI,1990,44.9
BDI,1991,44.2
BDI,1992,43.9
BDI,1993,37.1
BDI,1994,44.1
BDI,1995,44.1
BDI,1996,44.4
BDI,1997,45.4
BDI,1998,46.6
BDI,1999,47.5
BDI,2000,47.5
BDI,2001,48.4
BDI,2002,49.9
BDI,2003,50.9
BDI,2004,52
BDI,2005,53
BDI,2006,53.9
BDI,2007,54.7
BDI,2008,55.7
BDI,2009,56.4
BDI,2010,57.1
BDI,2011,57.8
BDI,2012,58.5
BDI,2013,59.2
BDI,2014,59.9
BDI,2015,60.2
BDI,2016,60.8
BDI,2017,61.6
BDI,2018,61.7
BDI,2019,62.4
BDI,2020,61.6
BDI,2021,61.7
CMR,1931,28.75
CMR,1950,34.5
CMR,1951,34.6
CMR,1952,35
CMR,1953,35.4
CMR,1954,36.4
CMR,1955,37.4
CMR,1956,38.3
CMR,1957,38.3
CMR,1958,39.1
CMR,1959,39.8
CMR,1960,34.8
CMR,1961,35.4
CMR,1962,42.5
CMR,1963,42.9
CMR,1964,43.3
CMR,1965,43.9
CMR,1966,44.4
CMR,1967,45.2
CMR,1968,46
CMR,1969,46.8
CMR,1970,47.6
CMR,1971,48.3
CMR,1972,48.9
CMR,1973,49.3
CMR,1974,49.6
CMR,1975,49.7
CMR,1976,49.9
CMR,1977,50
CMR,1978,50.3
CMR,1979,50.6
CMR,1980,51
CMR,1981,51.5
CMR,1982,52.1
CMR,1983,52.8
CMR,1984,53.2
CMR,1985,53.9
CMR,1986,54
CMR,1987,54.7
CMR,1988,54.9
CMR,1989,54.9
CMR,1990,54.9
CMR,1991,54.7
CMR,1992,54.5
CMR,1993,54.1
CMR,1994,53.5
CMR,1995,53.2
CMR,1996,52.8
CMR,1997,52.7
CMR,1998,52.6
CMR,1999,52.7
CMR,2000,52.9
CMR,2001,53.1
CMR,2002,53.4
CMR,2003,53.9
CMR,2004,54.2
CMR,2005,54.4
CMR,2006,54.9
CMR,2007,55.2
CMR,2008,55.7
CMR,2009,56.1
CMR,2010,56.6
CMR,2011,57.1
CMR,2012,57.8
CMR,2013,58.5
CMR,2014,58.9
CMR,2015,59.7
CMR,2016,60.2
CMR,2017,60.8
CMR,2018,61.2
CMR,2019,61.6
CMR,2020,60.8
CMR,2021,60.3
CPV,1950,47.3
CPV,1951,47.6
CPV,1952,47.9
CPV,1953,48
CPV,1954,48.5
CPV,1955,48.8
CPV,1956,49
CPV,1957,49.1
CPV,1958,49.4
CPV,1959,49.5
CPV,1960,49.4
CPV,1961,50
CPV,1962,50.4
CPV,1963,50.9
CPV,1964,51.3
CPV,1965,51.8
CPV,1966,52.4
CPV,1967,52.7
CPV,1968,53.2
CPV,1969,53.7
CPV,1970,54.3
CPV,1971,54.8
CPV,1972,55.3
CPV,1973,56
CPV,1974,56.8
CPV,1975,57.9
CPV,1976,58.7
CPV,1977,59.6
CPV,1978,60.3
CPV,1979,60.9
CPV,1980,61.4
CPV,1981,61.6
CPV,1982,61.7
CPV,1983,61.7
CPV,1984,61.7
CPV,1985,62.2
CPV,1986,62.7
CPV,1987,63.4
CPV,1988,64.1
CPV,1989,64.4
CPV,1990,65
CPV,1991,65.2
CPV,1992,65.3
CPV,1993,65.3
CPV,1994,65.3
CPV,1995,64.1
CPV,1996,65.8
CPV,1997,66.4
CPV,1998,67
CPV,1999,67.6
CPV,2000,68.6
CPV,2001,69.9
CPV,2002,70.7
CPV,2003,71.4
CPV,2004,72
CPV,2005,72.7
CPV,2006,72.2
CPV,2007,72.8
CPV,2008,72.5
CPV,2009,73.1
CPV,2010,73.5
CPV,2011,74.3
CPV,2012,74.5
CPV,2013,75.1
CPV,2014,75.2
CPV,2015,74.6
CPV,2016,75.7
CPV,2017,76.6
CPV,2018,75.7
CPV,2019,76
CPV,2020,74.8
CPV,2021,74.1
CAF,1950,35.4
CAF,1951,35.6
CAF,1952,36
CAF,1953,36.4
CAF,1954,36.8
CAF,1955,37.2
CAF,1956,37.6
CAF,1957,38
CAF,1958,38.4
CAF,1959,38.7
CAF,1960,39.2
CAF,1961,39.7
CAF,1962,40.3
CAF,1963,40.8
CAF,1964,41.3
CAF,1965,41.9
CAF,1966,42.5
CAF,1967,43.2
CAF,1968,43.8
CAF,1969,44.4
CAF,1970,45.1
CAF,1971,45.7
CAF,1972,46.3
CAF,1973,46.9
CAF,1974,47.4
CAF,1975,47.9
CAF,1976,48.4
CAF,1977,48.8
CAF,1978,49.2
CAF,1979,49.6
CAF,1980,49.9
CAF,1981,50.2
CAF,1982,50.3
CAF,1983,50.4
CAF,1984,50.5
CAF,1985,50.5
CAF,1986,50.5
CAF,1987,50.4
CAF,1988,50.2
CAF,1989,50
CAF,1990,49.6
CAF,1991,49.3
CAF,1992,48.8
CAF,1993,48.4
CAF,1994,47.9
CAF,1995,47.4
CAF,1996,46.8
CAF,1997,46.3
CAF,1998,46
CAF,1999,45.8
CAF,2000,45.4
CAF,2001,45.4
CAF,2002,45.4
CAF,2003,45.8
CAF,2004,46
CAF,2005,46.4
CAF,2006,46.9
CAF,2007,47.4
CAF,2008,48
CAF,2009,48.6
CAF,2010,49.3
CAF,2011,49.9
CAF,2012,50.7
CAF,2013,50.9
CAF,2014,50.6
CAF,2015,52.8
CAF,2016,53.5
CAF,2017,53.7
CAF,2018,54.4
CAF,2019,55
CAF,2020,54.6
CAF,2021,53.9
TCD,1950,36.2
TCD,1951,36.3
TCD,1952,36.5
TCD,1953,36.8
TCD,1954,37
TCD,1955,37.2
TCD,1956,37.5
TCD,1957,37.7
TCD,1958,37.9
TCD,1959,38.2
TCD,1960,38.4
TCD,1961,38.6
TCD,1962,38.8
TCD,1963,39.1
TCD,1964,39.3
TCD,1965,39.1
TCD,1966,39.2
TCD,1967,39.5
TCD,1968,39.9
TCD,1969,40.3
TCD,1970,40.6
TCD,1971,40.2
TCD,1972,41.4
TCD,1973,41.8
TCD,1974,41.8
TCD,1975,41.9
TCD,1976,42
TCD,1977,42.3
TCD,1978,42.5
TCD,1979,42.8
TCD,1980,43.1
TCD,1981,43.3
TCD,1982,43.7
TCD,1983,44.2
TCD,1984,44.5
TCD,1985,45
TCD,1986,45.2
TCD,1987,42.8
TCD,1988,45.8
TCD,1989,45.9
TCD,1990,44.7
TCD,1991,45.9
TCD,1992,46.1
TCD,1993,46.3
TCD,1994,46.4
TCD,1995,46.7
TCD,1996,47
TCD,1997,47.2
TCD,1998,47.2
TCD,1999,47.4
TCD,2000,47.4
TCD,2001,47.8
TCD,2002,47.9
TCD,2003,48.2
TCD,2004,48.2
TCD,2005,48.3
TCD,2006,48.3
TCD,2007,48.8
TCD,2008,49
TCD,2009,49.2
TCD,2010,49.6
TCD,2011,50
TCD,2012,50.5
TCD,2013,50.8
TCD,2014,51.2
TCD,2015,51.6
TCD,2016,52.1
TCD,2017,52.3
TCD,2018,52.8
TCD,2019,53.3
TCD,2020,52.8
TCD,2021,52.5
COM,1950,36.5
COM,1951,33.4
COM,1952,37
COM,1953,37.3
COM,1954,37.6
COM,1955,38
COM,1956,38.3
COM,1957,38.7
COM,1958,39
COM,1959,39.3
COM,1960,39.7
COM,1961,40.1
COM,1962,40.6
COM,1963,40.9
COM,1964,41.2
COM,1965,41.7
COM,1966,42.1
COM,1967,42.8
COM,1968,43.5
COM,1969,44.2
COM,1970,44.9
COM,1971,45.6
COM,1972,46.3
COM,1973,46.9
COM,1974,47.5
COM,1975,46.6
COM,1976,48.5
COM,1977,49
COM,1978,49.7
COM,1979,50.3
COM,1980,50.8
COM,1981,51.3
COM,1982,51.9
COM,1983,52.3
COM,1984,52.9
COM,1985,53.5
COM,1986,54
COM,1987,54.4
COM,1988,54.9
COM,1989,55.2
COM,1990,55.8
COM,1991,56.2
COM,1992,56.7
COM,1993,57.3
COM,1994,57.7
COM,1995,58
COM,1996,58.3
COM,1997,58.4
COM,1998,58.4
COM,1999,58.8
COM,2000,58.8
COM,2001,59.2
COM,2002,59.1
COM,2003,59.3
COM,2004,59.5
COM,2005,59.6
COM,2006,59.9
COM,2007,60.1
COM,2008,60.5
COM,2009,60.8
COM,2010,61.1
COM,2011,61.5
COM,2012,61.8
COM,2013,62.2
COM,2014,62.5
COM,2015,62.9
COM,2016,63.2
COM,2017,63.6
COM,2018,63.9
COM,2019,64.1
COM,2020,64.2
COM,2021,63.4
COG,1950,40.1
COG,1951,40.6
COG,1952,41.4
COG,1953,42.2
COG,1954,42.8
COG,1955,43.7
COG,1956,44.6
COG,1957,45.4
COG,1958,46.3
COG,1959,47.1
COG,1960,48
COG,1961,48.7
COG,1962,49.5
COG,1963,50.1
COG,1964,50.7
COG,1965,51.2
COG,1966,51.8
COG,1967,52.1
COG,1968,52.7
COG,1969,53.2
COG,1970,53.6
COG,1971,54
COG,1972,54.4
COG,1973,54.7
COG,1974,55.1
COG,1975,55.3
COG,1976,55.6
COG,1977,55.8
COG,1978,56.1
COG,1979,56.3
COG,1980,56.6
COG,1981,56.8
COG,1982,57
COG,1983,57.2
COG,1984,57.5
COG,1985,57.5
COG,1986,57.6
COG,1987,57.4
COG,1988,57
COG,1989,56.5
COG,1990,55.9
COG,1991,55.2
COG,1992,54.7
COG,1993,54.1
COG,1994,53.7
COG,1995,53.6
COG,1996,53.5
COG,1997,47.2
COG,1998,50.9
COG,1999,52.8
COG,2000,53.7
COG,2001,54.4
COG,2002,55.1
COG,2003,55.9
COG,2004,57
COG,2005,58.1
COG,2006,58.9
COG,2007,59.6
COG,2008,60.4
COG,2009,61.1
COG,2010,61.7
COG,2011,62
COG,2012,62.3
COG,2013,62.7
COG,2014,63
COG,2015,63.2
COG,2016,63.6
COG,2017,63.8
COG,2018,64.1
COG,2019,62.7
COG,2020,63.8
COG,2021,63.5
CIV,1950,32.1
CIV,1951,32.4
CIV,1952,32.9
CIV,1953,33.5
CIV,1954,34.1
CIV,1955,34.7
CIV,1956,35.4
CIV,1957,36.1
CIV,1958,36.8
CIV,1959,37.4
CIV,1960,38.1
CIV,1961,38.7
CIV,1962,39.4
CIV,1963,40
CIV,1964,40.6
CIV,1965,41.2
CIV,1966,41.8
CIV,1967,42.4
CIV,1968,43
CIV,1969,43.6
CIV,1970,44.3
CIV,1971,45
CIV,1972,45.7
CIV,1973,46.6
CIV,1974,47.5
CIV,1975,48.3
CIV,1976,49.3
CIV,1977,50.2
CIV,1978,50.9
CIV,1979,51.7
CIV,1980,52.3
CIV,1981,52.7
CIV,1982,52.9
CIV,1983,53.2
CIV,1984,53
CIV,1985,53.2
CIV,1986,53.2
CIV,1987,53.2
CIV,1988,53
CIV,1989,52.9
CIV,1990,52.6
CIV,1991,52.3
CIV,1992,52.1
CIV,1993,51.9
CIV,1994,51.7
CIV,1995,51.6
CIV,1996,51.5
CIV,1997,51.4
CIV,1998,51.1
CIV,1999,51
CIV,2000,50.8
CIV,2001,50.8
CIV,2002,50.9
CIV,2003,51
CIV,2004,51.4
CIV,2005,51.8
CIV,2006,52.4
CIV,2007,53
CIV,2008,53.7
CIV,2009,54.4
CIV,2010,55
CIV,2011,55.5
CIV,2012,56.2
CIV,2013,56.7
CIV,2014,57.2
CIV,2015,57.8
CIV,2016,58.1
CIV,2017,58.5
CIV,2018,58.8
CIV,2019,59.3
CIV,2020,59
CIV,2021,58.6
COD,1950,38.3
COD,1951,38.4
COD,1952,38.8
COD,1953,39.1
COD,1954,39.5
COD,1955,39.7
COD,1956,40
COD,1957,40.3
COD,1958,40.5
COD,1959,40.6
COD,1960,40.9
COD,1961,40.2
COD,1962,40.3
COD,1963,40.6
COD,1964,40.1
COD,1965,40.7
COD,1966,42.1
COD,1967,42.3
COD,1968,42.7
COD,1969,43
COD,1970,43.3
COD,1971,43.7
COD,1972,43.9
COD,1973,44.1
COD,1974,44.4
COD,1975,44.5
COD,1976,44.7
COD,1977,44.8
COD,1978,44.5
COD,1979,45.2
COD,1980,45.5
COD,1981,45.7
COD,1982,45.9
COD,1983,46.2
COD,1984,46.4
COD,1985,46.6
COD,1986,46.9
COD,1987,47.3
COD,1988,47.8
COD,1989,48.2
COD,1990,48.6
COD,1991,48.9
COD,1992,49.2
COD,1993,49.6
COD,1994,49.9
COD,1995,50.4
COD,1996,49.3
COD,1997,50.4
COD,1998,49.7
COD,1999,49.9
COD,2000,51.8
COD,2001,52.1
COD,2002,52.3
COD,2003,52.8
COD,2004,53.4
COD,2005,53.9
COD,2006,54.5
COD,2007,54.9
COD,2008,55.3
COD,2009,55.8
COD,2010,56.4
COD,2011,57.1
COD,2012,57.2
COD,2013,57.8
COD,2014,58.3
COD,2015,58.5
COD,2016,59.1
COD,2017,59.4
COD,2018,59.9
COD,2019,60.3
COD,2020,59.7
COD,2021,59.2
DJI,1950,40.6
DJI,1951,40.8
DJI,1952,41
DJI,1953,41.3
DJI,1954,41.6
DJI,1955,41.8
DJI,1956,42.1
DJI,1957,42.4
DJI,1958,42.7
DJI,1959,43
DJI,1960,43.4
DJI,1961,43.7
DJI,1962,44.1
DJI,1963,44.4
DJI,1964,44.7
DJI,1965,45.1
DJI,1966,45.5
DJI,1967,45.9
DJI,1968,46.4
DJI,1969,47
DJI,1970,47.5
DJI,1971,47.4
DJI,1972,48.5
DJI,1973,49.1
DJI,1974,49.5
DJI,1975,49.9
DJI,1976,50.1
DJI,1977,50.6
DJI,1978,51
DJI,1979,51.5
DJI,1980,51.9
DJI,1981,52.3
DJI,1982,52.8
DJI,1983,53.2
DJI,1984,53.7
DJI,1985,54.1
DJI,1986,54.5
DJI,1987,54.8
DJI,1988,55.2
DJI,1989,55.3
DJI,1990,55.5
DJI,1991,55.2
DJI,1992,54.5
DJI,1993,55.8
DJI,1994,55.5
DJI,1995,56.3
DJI,1996,56.2
DJI,1997,56
DJI,1998,56.2
DJI,1999,56.4
DJI,2000,56.6
DJI,2001,56.9
DJI,2002,57.2
DJI,2003,57.6
DJI,2004,57.8
DJI,2005,58.3
DJI,2006,58.7
DJI,2007,59
DJI,2008,59.4
DJI,2009,59.7
DJI,2010,60.3
DJI,2011,60.4
DJI,2012,60.8
DJI,2013,61.2
DJI,2014,61.6
DJI,2015,62
DJI,2016,62.2
DJI,2017,62.8
DJI,2018,63
DJI,2019,63.1
DJI,2020,62.7
DJI,2021,62.3
EGY,1927,33
EGY,1928,30.7
EGY,1929,30.6
EGY,1930,35.4
EGY,1931,32.5
EGY,1932,31
EGY,1933,32.3
EGY,1934,31.5
EGY,1935,33.2
EGY,1936,31.3
EGY,1937,34.5
EGY,1938,34.8
EGY,1939,36
EGY,1940,34.4
EGY,1941,35.7
EGY,1942,30.5
EGY,1943,29.8
EGY,1944,33.4
EGY,1945,32.3
EGY,1946,34.4
EGY,1947,36.1
EGY,1948,36.2
EGY,1949,36.7
EGY,1950,35.4
EGY,1951,35.7
EGY,1952,37.7
EGY,1953,38.8
EGY,1954,40.4
EGY,1955,41.7
EGY,1956,42.3
EGY,1957,43.1
EGY,1958,43.8
EGY,1959,44.6
EGY,1960,45.4
EGY,1961,46
EGY,1962,46.8
EGY,1963,47.7
EGY,1964,48.5
EGY,1965,49.1
EGY,1966,49.5
EGY,1967,49.5
EGY,1968,49.9
EGY,1969,49.8
EGY,1970,50
EGY,1971,50.4
EGY,1972,50.8
EGY,1973,50.9
EGY,1974,51.8
EGY,1975,52.6
EGY,1976,53.4
EGY,1977,54.1
EGY,1978,55
EGY,1979,55.8
EGY,1980,56.6
EGY,1981,57.1
EGY,1982,57.9
EGY,1983,58.9
EGY,1984,59.7
EGY,1985,60.5
EGY,1986,61.3
EGY,1987,62.1
EGY,1988,63
EGY,1989,63.6
EGY,1990,64.1
EGY,1991,64.8
EGY,1992,65
EGY,1993,65.5
EGY,1994,65.8
EGY,1995,66.3
EGY,1996,66.7
EGY,1997,67.2
EGY,1998,67.5
EGY,1999,67.7
EGY,2000,68
EGY,2001,68.3
EGY,2002,68.6
EGY,2003,68.4
EGY,2004,68.6
EGY,2005,68.8
EGY,2006,69
EGY,2007,69.1
EGY,2008,69.3
EGY,2009,69.5
EGY,2010,69.7
EGY,2011,69.9
EGY,2012,70.1
EGY,2013,70.1
EGY,2014,70.4
EGY,2015,70.5
EGY,2016,70.8
EGY,2017,71.3
EGY,2018,71.4
EGY,2019,71.4
EGY,2020,71
EGY,2021,70.2
GNQ,1950,39.3
GNQ,1951,39.4
GNQ,1952,39.7
GNQ,1953,39.9
GNQ,1954,40.2
GNQ,1955,40.5
GNQ,1956,40.7
GNQ,1957,41
GNQ,1958,41.2
GNQ,1959,41.5
GNQ,1960,41.7
GNQ,1961,42
GNQ,1962,42.3
GNQ,1963,42.5
GNQ,1964,42.7
GNQ,1965,43.1
GNQ,1966,43.3
GNQ,1967,43.5
GNQ,1968,43.7
GNQ,1969,30.1
GNQ,1970,30.2
GNQ,1971,36.3
GNQ,1972,43.3
GNQ,1973,43.5
GNQ,1974,40.2
GNQ,1975,35.8
GNQ,1976,28.9
GNQ,1977,40.5
GNQ,1978,40.8
GNQ,1979,41.7
GNQ,1980,47.6
GNQ,1981,48.1
GNQ,1982,48.6
GNQ,1983,49
GNQ,1984,49.2
GNQ,1985,49.7
GNQ,1986,50
GNQ,1987,50.3
GNQ,1988,50.5
GNQ,1989,50.7
GNQ,1990,50.9
GNQ,1991,51
GNQ,1992,51.1
GNQ,1993,51.3
GNQ,1994,51.4
GNQ,1995,51.6
GNQ,1996,51.7
GNQ,1997,52.1
GNQ,1998,52.4
GNQ,1999,52.8
GNQ,2000,53.2
GNQ,2001,53.6
GNQ,2002,54.1
GNQ,2003,54.6
GNQ,2004,55
GNQ,2005,55.5
GNQ,2006,56
GNQ,2007,56.5
GNQ,2008,57.1
GNQ,2009,57.4
GNQ,2010,57.9
GNQ,2011,58.4
GNQ,2012,58.9
GNQ,2013,59.2
GNQ,2014,59.6
GNQ,2015,60.1
GNQ,2016,60.5
GNQ,2017,60.8
GNQ,2018,61.2
GNQ,2019,61.6
GNQ,2020,60.7
GNQ,2021,60.6
ERI,1950,33.4
ERI,1951,33.6
ERI,1952,33.9
ERI,1953,34.2
ERI,1954,34.7
ERI,1955,35
ERI,1956,35.4
ERI,1957,36
ERI,1958,36.4
ERI,1959,36.9
ERI,1960,37.5
ERI,1961,38
ERI,1962,38.4
ERI,1963,38.8
ERI,1964,39.2
ERI,1965,39.6
ERI,1966,39.9
ERI,1967,40.1
ERI,1968,40.4
ERI,1969,40.7
ERI,1970,41.1
ERI,1971,41.5
ERI,1972,41.8
ERI,1973,42.3
ERI,1974,42.2
ERI,1975,42.2
ERI,1976,42.7
ERI,1977,43.2
ERI,1978,43.6
ERI,1979,44
ERI,1980,44.6
ERI,1981,44.9
ERI,1982,44.9
ERI,1983,45.3
ERI,1984,45.8
ERI,1985,46.1
ERI,1986,47.1
ERI,1987,47.3
ERI,1988,48
ERI,1989,47.8
ERI,1990,49.8
ERI,1991,50.6
ERI,1992,52.5
ERI,1993,53.2
ERI,1994,54.1
ERI,1995,54.9
ERI,1996,55.8
ERI,1997,56.3
ERI,1998,49.2
ERI,1999,43.4
ERI,2000,56.1
ERI,2001,58.3
ERI,2002,58.8
ERI,2003,59.4
ERI,2004,59.9
ERI,2005,60.6
ERI,2006,61.6
ERI,2007,62.1
ERI,2008,62.6
ERI,2009,63.3
ERI,2010,63.8
ERI,2011,64.4
ERI,2012,64.8
ERI,2013,65.1
ERI,2014,65.6
ERI,2015,66
ERI,2016,66.3
ERI,2017,66.6
ERI,2018,67.1
ERI,2019,67.3
ERI,2020,67.1
ERI,2021,66.5
SWZ,1950,43
SWZ,1951,43.3
SWZ,1952,43.6
SWZ,1953,43.8
SWZ,1954,44.2
SWZ,1955,44.4
SWZ,1956,44.6
SWZ,1957,44.9
SWZ,1958,45.2
SWZ,1959,45.6
SWZ,1960,45.8
SWZ,1961,46.2
SWZ,1962,46.6
SWZ,1963,46.9
SWZ,1964,47.3
SWZ,1965,47.9
SWZ,1966,48.6
SWZ,1967,49.1
SWZ,1968,49.7
SWZ,1969,50.3
SWZ,1970,50.8
SWZ,1971,51.3
SWZ,1972,51.8
SWZ,1973,52.5
SWZ,1974,53.1
SWZ,1975,53.8
SWZ,1976,54.7
SWZ,1977,55.6
SWZ,1978,56.5
SWZ,1979,57.3
SWZ,1980,57.8
SWZ,1981,58.4
SWZ,1982,59
SWZ,1983,58.2
SWZ,1984,60
SWZ,1985,60.8
SWZ,1986,61.4
SWZ,1987,62
SWZ,1988,62.7
SWZ,1989,62.9
SWZ,1990,63.1
SWZ,1991,62.7
SWZ,1992,61.7
SWZ,1993,60.2
SWZ,1994,58.3
SWZ,1995,56.1
SWZ,1996,53.9
SWZ,1997,52
SWZ,1998,50.3
SWZ,1999,48.7
SWZ,2000,47.3
SWZ,2001,46
SWZ,2002,44.5
SWZ,2003,43.3
SWZ,2004,42.5
SWZ,2005,42.1
SWZ,2006,43.1
SWZ,2007,43.6
SWZ,2008,44.2
SWZ,2009,44.6
SWZ,2010,46.6
SWZ,2011,48.2
SWZ,2012,49.8
SWZ,2013,51.5
SWZ,2014,53
SWZ,2015,55
SWZ,2016,56.7
SWZ,2017,57.9
SWZ,2018,59.4
SWZ,2019,60.5
SWZ,2020,59.7
SWZ,2021,57.1
ETH,1950,36.4
ETH,1951,36.6
ETH,1952,36.8
ETH,1953,37.2
ETH,1954,37.5
ETH,1955,38
ETH,1956,38.3
ETH,1957,32.4
ETH,1958,32.9
ETH,1959,39.9
ETH,1960,40.3
ETH,1961,41
ETH,1962,41.4
ETH,1963,42
ETH,1964,42.3
ETH,1965,42.4
ETH,1966,40.2
ETH,1967,42.7
ETH,1968,42.8
ETH,1969,42.8
ETH,1970,42.8
ETH,1971,42.9
ETH,1972,41.6
ETH,1973,41.6
ETH,1974,39.5
ETH,1975,39.4
ETH,1976,41.9
ETH,1977,41.9
ETH,1978,41.9
ETH,1979,42.8
ETH,1980,43.2
ETH,1981,43.6
ETH,1982,43.8
ETH,1983,36
ETH,1984,36.4
ETH,1985,37.4
ETH,1986,37.8
ETH,1987,45.4
ETH,1988,45.1
ETH,1989,45
ETH,1990,44.6
ETH,1991,46.1
ETH,1992,46.9
ETH,1993,47.4
ETH,1994,47.9
ETH,1995,48.3
ETH,1996,48.9
ETH,1997,49.5
ETH,1998,49.9
ETH,1999,49.4
ETH,2000,50.5
ETH,2001,51
ETH,2002,51.5
ETH,2003,52.5
ETH,2004,53.2
ETH,2005,54
ETH,2006,55.1
ETH,2007,56.4
ETH,2008,57.6
ETH,2009,58.8
ETH,2010,59.7
ETH,2011,60.7
ETH,2012,61.5
ETH,2013,62.4
ETH,2014,62.9
ETH,2015,63.6
ETH,2016,64.4
ETH,2017,64.8
ETH,2018,65.4
ETH,2019,65.8
ETH,2020,65.4
ETH,2021,65
GAB,1950,39.6
GAB,1951,40.3
GAB,1952,41
GAB,1953,41.8
GAB,1954,42.4
GAB,1955,43.2
GAB,1956,43.9
GAB,1957,44.6
GAB,1958,45.3
GAB,1959,45.9
GAB,1960,46.6
GAB,1961,47.2
GAB,1962,47.8
GAB,1963,48.5
GAB,1964,49
GAB,1965,49.8
GAB,1966,50.3
GAB,1967,50.9
GAB,1968,51.4
GAB,1969,52
GAB,1970,52.6
GAB,1971,53.1
GAB,1972,53.6
GAB,1973,54.1
GAB,1974,54.6
GAB,1975,55
GAB,1976,55.6
GAB,1977,56.1
GAB,1978,56.7
GAB,1979,57.1
GAB,1980,57.5
GAB,1981,57.8
GAB,1982,58.1
GAB,1983,58.6
GAB,1984,58.9
GAB,1985,59.3
GAB,1986,59.6
GAB,1987,59.9
GAB,1988,60
GAB,1989,60.3
GAB,1990,60.3
GAB,1991,60.4
GAB,1992,60.5
GAB,1993,60.7
GAB,1994,60.7
GAB,1995,60.7
GAB,1996,60.6
GAB,1997,60.7
GAB,1998,60.8
GAB,1999,60.8
GAB,2000,61.1
GAB,2001,61.3
GAB,2002,61.3
GAB,2003,61.7
GAB,2004,61.8
GAB,2005,62
GAB,2006,62.4
GAB,2007,62.6
GAB,2008,63.1
GAB,2009,63.3
GAB,2010,63.9
GAB,2011,64
GAB,2012,64.6
GAB,2013,64.8
GAB,2014,65
GAB,2015,65.5
GAB,2016,65.8
GAB,2017,66.2
GAB,2018,66.3
GAB,2019,66.6
GAB,2020,66.5
GAB,2021,65.8
GMB,1950,31.8
GMB,1951,31.9
GMB,1952,32.1
GMB,1953,32.4
GMB,1954,32.7
GMB,1955,32.9
GMB,1956,33
GMB,1957,33.5
GMB,1958,34.1
GMB,1959,34.6
GMB,1960,35.1
GMB,1961,35.6
GMB,1962,36
GMB,1963,36.5
GMB,1964,36.9
GMB,1965,37.4
GMB,1966,37.9
GMB,1967,38.4
GMB,1968,38.9
GMB,1969,39.3
GMB,1970,39.9
GMB,1971,40.3
GMB,1972,40.9
GMB,1973,41.4
GMB,1974,42
GMB,1975,42.4
GMB,1976,43
GMB,1977,43.4
GMB,1978,43.6
GMB,1979,44.6
GMB,1980,45.2
GMB,1981,44.5
GMB,1982,46.4
GMB,1983,46.9
GMB,1984,47.5
GMB,1985,48.2
GMB,1986,48.7
GMB,1987,49.4
GMB,1988,50.1
GMB,1989,50.6
GMB,1990,51.3
GMB,1991,52.1
GMB,1992,52.9
GMB,1993,53.7
GMB,1994,54.7
GMB,1995,55.5
GMB,1996,56
GMB,1997,56.1
GMB,1998,56.6
GMB,1999,56.8
GMB,2000,56.9
GMB,2001,57
GMB,2002,57.1
GMB,2003,57.6
GMB,2004,58.1
GMB,2005,58.4
GMB,2006,59.1
GMB,2007,59.4
GMB,2008,60.1
GMB,2009,60.4
GMB,2010,60.7
GMB,2011,61.5
GMB,2012,62.1
GMB,2013,62.1
GMB,2014,62.3
GMB,2015,62.5
GMB,2016,63
GMB,2017,63
GMB,2018,63
GMB,2019,63.8
GMB,2020,62.6
GMB,2021,62.1
GHA,1921,28
GHA,1950,43.1
GHA,1951,43.6
GHA,1952,44.1
GHA,1953,44.6
GHA,1954,45.1
GHA,1955,45.5
GHA,1956,45.9
GHA,1957,46.3
GHA,1958,46.5
GHA,1959,46.9
GHA,1960,47.1
GHA,1961,47.3
GHA,1962,47.4
GHA,1963,47.6
GHA,1964,47.7
GHA,1965,47.8
GHA,1966,47.7
GHA,1967,47.7
GHA,1968,47.6
GHA,1969,47.6
GHA,1970,47.8
GHA,1971,47.8
GHA,1972,48
GHA,1973,48.4
GHA,1974,48.8
GHA,1975,49.2
GHA,1976,49.8
GHA,1977,50.1
GHA,1978,50.6
GHA,1979,50.9
GHA,1980,51.1
GHA,1981,51.3
GHA,1982,51.4
GHA,1983,51.6
GHA,1984,52.1
GHA,1985,52.4
GHA,1986,53.1
GHA,1987,53.8
GHA,1988,54.5
GHA,1989,55.2
GHA,1990,55.6
GHA,1991,56
GHA,1992,56.2
GHA,1993,56.4
GHA,1994,56.1
GHA,1995,56.6
GHA,1996,56.8
GHA,1997,57.2
GHA,1998,57.6
GHA,1999,58
GHA,2000,58.2
GHA,2001,58.1
GHA,2002,58.6
GHA,2003,59.1
GHA,2004,59.2
GHA,2005,59.8
GHA,2006,60
GHA,2007,60.2
GHA,2008,60.5
GHA,2009,60.9
GHA,2010,61.2
GHA,2011,61.7
GHA,2012,62.1
GHA,2013,62.4
GHA,2014,63
GHA,2015,63.2
GHA,2016,63.9
GHA,2017,64
GHA,2018,64.1
GHA,2019,64.7
GHA,2020,64.1
GHA,2021,63.8
GIN,1950,35.5
GIN,1951,35.6
GIN,1952,35.6
GIN,1953,35.7
GIN,1954,35.7
GIN,1955,35.9
GIN,1956,36
GIN,1957,36.1
GIN,1958,36.3
GIN,1959,36.4
GIN,1960,36.5
GIN,1961,36.7
GIN,1962,36.9
GIN,1963,37.2
GIN,1964,37.3
GIN,1965,37.6
GIN,1966,37.8
GIN,1967,38.1
GIN,1968,38.6
GIN,1969,38.7
GIN,1970,39
GIN,1971,39.3
GIN,1972,39.7
GIN,1973,39.9
GIN,1974,40.1
GIN,1975,40.6
GIN,1976,41
GIN,1977,41.4
GIN,1978,41.9
GIN,1979,42.4
GIN,1980,42.9
GIN,1981,43.3
GIN,1982,43.9
GIN,1983,44.4
GIN,1984,44.9
GIN,1985,45.5
GIN,1986,45.9
GIN,1987,46.4
GIN,1988,46.6
GIN,1989,46.8
GIN,1990,47
GIN,1991,47.5
GIN,1992,48.4
GIN,1993,49
GIN,1994,49.2
GIN,1995,49.9
GIN,1996,50.5
GIN,1997,51.4
GIN,1998,52
GIN,1999,52.4
GIN,2000,52.5
GIN,2001,52.7
GIN,2002,53.3
GIN,2003,53.7
GIN,2004,54.1
GIN,2005,54.6
GIN,2006,55.1
GIN,2007,55.6
GIN,2008,56
GIN,2009,56.3
GIN,2010,56.7
GIN,2011,57
GIN,2012,57.4
GIN,2013,57.8
GIN,2014,57.9
GIN,2015,58.1
GIN,2016,58.8
GIN,2017,59.1
GIN,2018,59.3
GIN,2019,59.7
GIN,2020,59.3
GIN,2021,58.9
GNB,1950,35.6
GNB,1951,35.7
GNB,1952,35.9
GNB,1953,36.1
GNB,1954,36.3
GNB,1955,36.5
GNB,1956,36.7
GNB,1957,36.8
GNB,1958,37.1
GNB,1959,37.3
GNB,1960,37.5
GNB,1961,37.7
GNB,1962,37.9
GNB,1963,35.7
GNB,1964,36
GNB,1965,36.4
GNB,1966,36.7
GNB,1967,37
GNB,1968,37.4
GNB,1969,37.7
GNB,1970,38
GNB,1971,38.4
GNB,1972,38.7
GNB,1973,39
GNB,1974,41.8
GNB,1975,42.1
GNB,1976,42.4
GNB,1977,42.7
GNB,1978,43
GNB,1979,43.4
GNB,1980,43.8
GNB,1981,44.1
GNB,1982,44.4
GNB,1983,44.6
GNB,1984,44.8
GNB,1985,45.1
GNB,1986,45.4
GNB,1987,45.8
GNB,1988,46.3
GNB,1989,46.7
GNB,1990,47.1
GNB,1991,47.5
GNB,1992,47.9
GNB,1993,48.2
GNB,1994,48.2
GNB,1995,49
GNB,1996,49.1
GNB,1997,48
GNB,1998,47.7
GNB,1999,48
GNB,2000,50.1
GNB,2001,50.4
GNB,2002,51
GNB,2003,51.4
GNB,2004,52.1
GNB,2005,52.2
GNB,2006,53.4
GNB,2007,54.2
GNB,2008,54.6
GNB,2009,55.5
GNB,2010,56.2
GNB,2011,57
GNB,2012,57.7
GNB,2013,58.2
GNB,2014,58.6
GNB,2015,59.1
GNB,2016,59.7
GNB,2017,60.1
GNB,2018,60.5
GNB,2019,60.9
GNB,2020,60
GNB,2021,59.7
KEN,1927,23.92
KEN,1937,26.37
KEN,1945,28.82
KEN,1950,38.9
KEN,1951,39.1
KEN,1952,38.9
KEN,1953,40.3
KEN,1954,41.7
KEN,1955,43
KEN,1956,44.1
KEN,1957,45.8
KEN,1958,46.9
KEN,1959,47.8
KEN,1960,48.7
KEN,1961,49.5
KEN,1962,50.2
KEN,1963,50.8
KEN,1964,51.3
KEN,1965,51.7
KEN,1966,52.1
KEN,1967,52.5
KEN,1968,52.8
KEN,1969,53.2
KEN,1970,53.6
KEN,1971,54.3
KEN,1972,55
KEN,1973,55.7
KEN,1974,55.6
KEN,1975,55.8
KEN,1976,55.9
KEN,1977,56.5
KEN,1978,56.9
KEN,1979,57.7
KEN,1980,58.5
KEN,1981,61.2
KEN,1982,61
KEN,1983,61
KEN,1984,60.8
KEN,1985,60.6
KEN,1986,60.2
KEN,1987,60
KEN,1988,59.5
KEN,1989,59
KEN,1990,58.6
KEN,1991,58
KEN,1992,57.3
KEN,1993,56.6
KEN,1994,56.3
KEN,1995,55.6
KEN,1996,55.2
KEN,1997,54.8
KEN,1998,54.5
KEN,1999,54.5
KEN,2000,54.4
KEN,2001,54.5
KEN,2002,55
KEN,2003,55.6
KEN,2004,56.4
KEN,2005,57.3
KEN,2006,58.2
KEN,2007,58.9
KEN,2008,59.6
KEN,2009,60.4
KEN,2010,60.6
KEN,2011,61
KEN,2012,61.1
KEN,2013,61.4
KEN,2014,61.8
KEN,2015,61.9
KEN,2016,62.2
KEN,2017,62.5
KEN,2018,62.7
KEN,2019,62.9
KEN,2020,62.7
KEN,2021,61.4
LSO,1950,44.8
LSO,1951,45.2
LSO,1952,45.8
LSO,1953,46.6
LSO,1954,47.4
LSO,1955,48.1
LSO,1956,48.8
LSO,1957,49.4
LSO,1958,49.9
LSO,1959,50.1
LSO,1960,50.4
LSO,1961,50.4
LSO,1962,50.4
LSO,1963,50.3
LSO,1964,50.2
LSO,1965,50.1
LSO,1966,50.1
LSO,1967,50.2
LSO,1968,50.4
LSO,1969,50.7
LSO,1970,51
LSO,1971,51.3
LSO,1972,51.7
LSO,1973,52.1
LSO,1974,52.4
LSO,1975,53
LSO,1976,53.5
LSO,1977,54
LSO,1978,54.7
LSO,1979,55.3
LSO,1980,56.1
LSO,1981,56.9
LSO,1982,57.6
LSO,1983,58.1
LSO,1984,58.6
LSO,1985,59.1
LSO,1986,59.5
LSO,1987,59.5
LSO,1988,59.6
LSO,1989,59.5
LSO,1990,59.4
LSO,1991,59.2
LSO,1992,58.6
LSO,1993,58
LSO,1994,58
LSO,1995,56.7
LSO,1996,55.2
LSO,1997,53.6
LSO,1998,51.8
LSO,1999,50.1
LSO,2000,48.4
LSO,2001,46.8
LSO,2002,45.6
LSO,2003,44.5
LSO,2004,43.7
LSO,2005,43.2
LSO,2006,42.9
LSO,2007,43.1
LSO,2008,43.6
LSO,2009,44
LSO,2010,45.6
LSO,2011,46.7
LSO,2012,47.8
LSO,2013,49
LSO,2014,50
LSO,2015,51.1
LSO,2016,52.3
LSO,2017,53.1
LSO,2018,53.7
LSO,2019,54.2
LSO,2020,54.7
LSO,2021,53.1
LBR,1950,38.5
LBR,1951,38.6
LBR,1952,38.7
LBR,1953,38.8
LBR,1954,39
LBR,1955,38.8
LBR,1956,38.8
LBR,1957,38.7
LBR,1958,38.5
LBR,1959,38.4
LBR,1960,38.3
LBR,1961,38.3
LBR,1962,38.4
LBR,1963,38.5
LBR,1964,38.6
LBR,1965,38.8
LBR,1966,39.1
LBR,1967,39.4
LBR,1968,39.8
LBR,1969,40.2
LBR,1970,40.6
LBR,1971,40.9
LBR,1972,41.5
LBR,1973,41.9
LBR,1974,42.4
LBR,1975,42.8
LBR,1976,43.2
LBR,1977,43.6
LBR,1978,44
LBR,1979,44.3
LBR,1980,44.6
LBR,1981,45
LBR,1982,45.2
LBR,1983,45.4
LBR,1984,45.4
LBR,1985,44.7
LBR,1986,45
LBR,1987,44.5
LBR,1988,44
LBR,1989,43.5
LBR,1990,36.7
LBR,1991,42.8
LBR,1992,42.7
LBR,1993,42.2
LBR,1994,41.8
LBR,1995,43.9
LBR,1996,44.4
LBR,1997,47.8
LBR,1998,48.9
LBR,1999,50
LBR,2000,51.4
LBR,2001,52.8
LBR,2002,53.8
LBR,2003,53
LBR,2004,56
LBR,2005,56.9
LBR,2006,57.6
LBR,2007,58.3
LBR,2008,58.8
LBR,2009,59.2
LBR,2010,59.4
LBR,2011,59.6
LBR,2012,59.9
LBR,2013,59.9
LBR,2014,59.1
LBR,2015,59.1
LBR,2016,60.4
LBR,2017,60.6
LBR,2018,60.9
LBR,2019,61.1
LBR,2020,60.9
LBR,2021,60.7
LBY,1950,33.6
LBY,1951,33.5
LBY,1952,33.3
LBY,1953,33.5
LBY,1954,33.8
LBY,1955,34.3
LBY,1956,35.1
LBY,1957,36.1
LBY,1958,37.3
LBY,1959,38.7
LBY,1960,40.3
LBY,1961,42.1
LBY,1962,43.8
LBY,1963,45.3
LBY,1964,47.1
LBY,1965,48.7
LBY,1966,50.1
LBY,1967,51.4
LBY,1968,52.7
LBY,1969,54
LBY,1970,55.2
LBY,1971,56.3
LBY,1972,57.5
LBY,1973,58.3
LBY,1974,59.6
LBY,1975,60.8
LBY,1976,62.1
LBY,1977,62.8
LBY,1978,63.6
LBY,1979,64.3
LBY,1980,64.9
LBY,1981,65.4
LBY,1982,65.8
LBY,1983,66.4
LBY,1984,66.9
LBY,1985,67.3
LBY,1986,67.8
LBY,1987,68.2
LBY,1988,68.6
LBY,1989,69
LBY,1990,69.4
LBY,1991,69.8
LBY,1992,70.2
LBY,1993,70.4
LBY,1994,70.7
LBY,1995,71.1
LBY,1996,71.3
LBY,1997,71.1
LBY,1998,71.1
LBY,1999,71.1
LBY,2000,70.7
LBY,2001,70.9
LBY,2002,71
LBY,2003,71.1
LBY,2004,71.5
LBY,2005,71.6
LBY,2006,71.7
LBY,2007,71.9
LBY,2008,72.3
LBY,2009,72.4
LBY,2010,72.4
LBY,2011,70.1
LBY,2012,72.2
LBY,2013,72.3
LBY,2014,71.5
LBY,2015,71.7
LBY,2016,71.8
LBY,2017,72.5
LBY,2018,72.8
LBY,2019,72.5
LBY,2020,72.5
LBY,2021,71.9
MDG,1950,39.6
MDG,1951,39.9
MDG,1952,40.2
MDG,1953,40.6
MDG,1954,40.9
MDG,1955,41.3
MDG,1956,41.6
MDG,1957,42
MDG,1958,42.4
MDG,1959,42.8
MDG,1960,43.2
MDG,1961,43.6
MDG,1962,44.1
MDG,1963,44.4
MDG,1964,44.9
MDG,1965,45.2
MDG,1966,45.6
MDG,1967,46
MDG,1968,46.5
MDG,1969,47
MDG,1970,47.5
MDG,1971,47.9
MDG,1972,48.3
MDG,1973,48.8
MDG,1974,49.2
MDG,1975,49.5
MDG,1976,49.7
MDG,1977,49.8
MDG,1978,49.8
MDG,1979,49.9
MDG,1980,49.8
MDG,1981,49.7
MDG,1982,49.6
MDG,1983,49.6
MDG,1984,49.5
MDG,1985,49.6
MDG,1986,49.8
MDG,1987,50.2
MDG,1988,50.6
MDG,1989,51.1
MDG,1990,51.7
MDG,1991,52.4
MDG,1992,53
MDG,1993,53.9
MDG,1994,54.4
MDG,1995,55
MDG,1996,55.5
MDG,1997,56.2
MDG,1998,56.9
MDG,1999,57.4
MDG,2000,57.9
MDG,2001,58.6
MDG,2002,58.9
MDG,2003,59.5
MDG,2004,60.1
MDG,2005,60.6
MDG,2006,61.3
MDG,2007,61.8
MDG,2008,62.1
MDG,2009,62.7
MDG,2010,62.9
MDG,2011,63.5
MDG,2012,63.5
MDG,2013,64
MDG,2014,64.3
MDG,2015,64.3
MDG,2016,65
MDG,2017,65.1
MDG,2018,65.3
MDG,2019,65.9
MDG,2020,65.2
MDG,2021,64.5
MWI,1950,32.7
MWI,1951,32.8
MWI,1952,32.9
MWI,1953,33.1
MWI,1954,33.4
MWI,1955,33.8
MWI,1956,34.2
MWI,1957,34.5
MWI,1958,34.8
MWI,1959,35
MWI,1960,35.2
MWI,1961,35.3
MWI,1962,35.7
MWI,1963,35.6
MWI,1964,35.7
MWI,1965,35.7
MWI,1966,35.9
MWI,1967,35.9
MWI,1968,36
MWI,1969,36.3
MWI,1970,36.7
MWI,1971,37.2
MWI,1972,37.9
MWI,1973,38.5
MWI,1974,39.3
MWI,1975,40.2
MWI,1976,41.2
MWI,1977,42.2
MWI,1978,43.3
MWI,1979,44.3
MWI,1980,45.1
MWI,1981,45.7
MWI,1982,46
MWI,1983,46
MWI,1984,45.6
MWI,1985,44.9
MWI,1986,44.3
MWI,1987,43.8
MWI,1988,43.4
MWI,1989,43.3
MWI,1990,43.3
MWI,1991,43.3
MWI,1992,43.4
MWI,1993,43.4
MWI,1994,43.6
MWI,1995,43.6
MWI,1996,43.4
MWI,1997,43.1
MWI,1998,42.8
MWI,1999,43.6
MWI,2000,44.5
MWI,2001,45.9
MWI,2002,47.2
MWI,2003,48.8
MWI,2004,50.5
MWI,2005,52
MWI,2006,53.2
MWI,2007,53.9
MWI,2008,54.6
MWI,2009,55.4
MWI,2010,56.4
MWI,2011,57.5
MWI,2012,58.7
MWI,2013,59.7
MWI,2014,60.9
MWI,2015,61.4
MWI,2016,62.2
MWI,2017,63
MWI,2018,63.3
MWI,2019,64.1
MWI,2020,63.7
MWI,2021,62.9
MLI,1950,28.2
MLI,1951,28.3
MLI,1952,28.5
MLI,1953,28.8
MLI,1954,29
MLI,1955,29.1
MLI,1956,29.4
MLI,1957,29.5
MLI,1958,29.6
MLI,1959,29.7
MLI,1960,29.8
MLI,1961,29.8
MLI,1962,29.9
MLI,1963,30.2
MLI,1964,30.4
MLI,1965,30.6
MLI,1966,30.9
MLI,1967,31.2
MLI,1968,31.6
MLI,1969,32
MLI,1970,32.5
MLI,1971,32.9
MLI,1972,33.9
MLI,1973,34.6
MLI,1974,35.4
MLI,1975,36.2
MLI,1976,37.2
MLI,1977,38.1
MLI,1978,39.1
MLI,1979,40
MLI,1980,40.8
MLI,1981,41.2
MLI,1982,41.8
MLI,1983,42.1
MLI,1984,42.7
MLI,1985,43.2
MLI,1986,44
MLI,1987,44.7
MLI,1988,45.4
MLI,1989,45.9
MLI,1990,46.6
MLI,1991,47.2
MLI,1992,47.5
MLI,1993,47.7
MLI,1994,47.7
MLI,1995,47.8
MLI,1996,47.8
MLI,1997,48.5
MLI,1998,49.2
MLI,1999,49.8
MLI,2000,50.5
MLI,2001,51.3
MLI,2002,52.2
MLI,2003,52.9
MLI,2004,53.5
MLI,2005,54
MLI,2006,54.6
MLI,2007,54.9
MLI,2008,55.3
MLI,2009,55.9
MLI,2010,56.4
MLI,2011,56.8
MLI,2012,57.1
MLI,2013,57.4
MLI,2014,57.9
MLI,2015,58.4
MLI,2016,58.7
MLI,2017,59.1
MLI,2018,59.4
MLI,2019,59.7
MLI,2020,58.6
MLI,2021,58.9
MRT,1950,38.7
MRT,1951,39.3
MRT,1952,39.8
MRT,1953,40.2
MRT,1954,40.8
MRT,1955,41.4
MRT,1956,41.9
MRT,1957,42.5
MRT,1958,43.2
MRT,1959,43.9
MRT,1960,44.8
MRT,1961,45.4
MRT,1962,46
MRT,1963,46.7
MRT,1964,47.4
MRT,1965,48.1
MRT,1966,48.7
MRT,1967,49.4
MRT,1968,50
MRT,1969,50.6
MRT,1970,51
MRT,1971,51.4
MRT,1972,51.7
MRT,1973,51.9
MRT,1974,52.2
MRT,1975,52.6
MRT,1976,52.9
MRT,1977,53.4
MRT,1978,53.9
MRT,1979,54.5
MRT,1980,55.1
MRT,1981,55.7
MRT,1982,56.3
MRT,1983,56.7
MRT,1984,57.2
MRT,1985,57.6
MRT,1986,58
MRT,1987,58.6
MRT,1988,59.1
MRT,1989,59.3
MRT,1990,59.8
MRT,1991,59.9
MRT,1992,60.3
MRT,1993,60.4
MRT,1994,60.3
MRT,1995,60.3
MRT,1996,60.1
MRT,1997,60.5
MRT,1998,60.6
MRT,1999,60.8
MRT,2000,61
MRT,2001,61.2
MRT,2002,61.3
MRT,2003,61.3
MRT,2004,61.6
MRT,2005,61.7
MRT,2006,61.9
MRT,2007,62.2
MRT,2008,62.4
MRT,2009,62.8
MRT,2010,63.1
MRT,2011,63.3
MRT,2012,63.6
MRT,2013,63.9
MRT,2014,64.2
MRT,2015,64.5
MRT,2016,64.8
MRT,2017,65.1
MRT,2018,65.3
MRT,2019,65.7
MRT,2020,64.5
MRT,2021,64.4
MUS,1924,31.22
MUS,1934,33.87
MUS,1941,36.17
MUS,1944,33.29
MUS,1947,38.62
MUS,1950,52.4
MUS,1951,51.5
MUS,1952,50.2
MUS,1953,49.8
MUS,1954,51.3
MUS,1955,53
MUS,1956,53.9
MUS,1957,54
MUS,1958,54
MUS,1959,54.6
MUS,1960,55.3
MUS,1961,56.3
MUS,1962,57.3
MUS,1963,58.2
MUS,1964,59
MUS,1965,59.4
MUS,1966,59
MUS,1967,58.1
MUS,1968,58.5
MUS,1969,59.7
MUS,1970,60.8
MUS,1971,60.8
MUS,1972,60.5
MUS,1973,60.9
MUS,1974,61.3
MUS,1975,62
MUS,1976,62.5
MUS,1977,63.5
MUS,1978,64.3
MUS,1979,65.1
MUS,1980,65.6
MUS,1981,66.4
MUS,1982,66.9
MUS,1983,67.2
MUS,1984,67.2
MUS,1985,67.4
MUS,1986,67.7
MUS,1987,68
MUS,1988,68.2
MUS,1989,68.8
MUS,1990,69.4
MUS,1991,70.1
MUS,1992,70.3
MUS,1993,70.3
MUS,1994,70.3
MUS,1995,70.5
MUS,1996,70.4
MUS,1997,70.6
MUS,1998,70.8
MUS,1999,71.4
MUS,2000,71.6
MUS,2001,71.9
MUS,2002,72
MUS,2003,72.3
MUS,2004,72.5
MUS,2005,72.7
MUS,2006,72.9
MUS,2007,73.1
MUS,2008,73.3
MUS,2009,73.6
MUS,2010,74
MUS,2011,74.2
MUS,2012,74.4
MUS,2013,74.7
MUS,2014,74.9
MUS,2015,75
MUS,2016,75
MUS,2017,74.9
MUS,2018,74.9
MUS,2019,75.1
MUS,2020,74.3
MUS,2021,73.6
MAR,1950,39.1
MAR,1951,39.3
MAR,1952,39.7
MAR,1953,40
MAR,1954,40.4
MAR,1955,40.8
MAR,1956,41.3
MAR,1957,41.8
MAR,1958,42.3
MAR,1959,42.8
MAR,1960,42
MAR,1961,43.8
MAR,1962,44.3
MAR,1963,44.8
MAR,1964,45.4
MAR,1965,46
MAR,1966,46.6
MAR,1967,47.2
MAR,1968,47.8
MAR,1969,48.3
MAR,1970,48.8
MAR,1971,49.2
MAR,1972,49.7
MAR,1973,50.2
MAR,1974,50.7
MAR,1975,51.2
MAR,1976,51.9
MAR,1977,52.7
MAR,1978,53.5
MAR,1979,54.4
MAR,1980,55.2
MAR,1981,56
MAR,1982,56.9
MAR,1983,57.7
MAR,1984,58.5
MAR,1985,59.3
MAR,1986,60
MAR,1987,60.7
MAR,1988,61.3
MAR,1989,61.9
MAR,1990,62.4
MAR,1991,62.9
MAR,1992,63.4
MAR,1993,63.9
MAR,1994,64.3
MAR,1995,64.7
MAR,1996,65.2
MAR,1997,65.6
MAR,1998,66
MAR,1999,66.4
MAR,2000,66.8
MAR,2001,67.2
MAR,2002,67.5
MAR,2003,67.9
MAR,2004,68.2
MAR,2005,68.7
MAR,2006,69.1
MAR,2007,69.6
MAR,2008,70
MAR,2009,70.5
MAR,2010,70.8
MAR,2011,71.3
MAR,2012,71.7
MAR,2013,72.1
MAR,2014,72.5
MAR,2015,72.9
MAR,2016,73.3
MAR,2017,73.7
MAR,2018,74
MAR,2019,74.3
MAR,2020,73.9
MAR,2021,74
MOZ,1950,37.3
MOZ,1951,37.5
MOZ,1952,37.9
MOZ,1953,38.3
MOZ,1954,38.8
MOZ,1955,39.2
MOZ,1956,39.6
MOZ,1957,40
MOZ,1958,40.5
MOZ,1959,40.9
MOZ,1960,41.2
MOZ,1961,41.6
MOZ,1962,41.8
MOZ,1963,41.9
MOZ,1964,41.7
MOZ,1965,41.7
MOZ,1966,41.6
MOZ,1967,41.7
MOZ,1968,41.7
MOZ,1969,41.7
MOZ,1970,41.8
MOZ,1971,41.7
MOZ,1972,41.6
MOZ,1973,41.7
MOZ,1974,42.1
MOZ,1975,42.6
MOZ,1976,42.6
MOZ,1977,42.7
MOZ,1978,42.8
MOZ,1979,42.7
MOZ,1980,42.8
MOZ,1981,40.5
MOZ,1982,40.7
MOZ,1983,40.8
MOZ,1984,38.4
MOZ,1985,38.7
MOZ,1986,40.7
MOZ,1987,40.8
MOZ,1988,43.8
MOZ,1989,44.1
MOZ,1990,44.5
MOZ,1991,44.7
MOZ,1992,44.9
MOZ,1993,45.4
MOZ,1994,45.6
MOZ,1995,46
MOZ,1996,46.6
MOZ,1997,47.4
MOZ,1998,48
MOZ,1999,48.8
MOZ,2000,49.5
MOZ,2001,50.1
MOZ,2002,50.6
MOZ,2003,50.9
MOZ,2004,51.2
MOZ,2005,51.6
MOZ,2006,52
MOZ,2007,52.6
MOZ,2008,53.2
MOZ,2009,53.8
MOZ,2010,54.2
MOZ,2011,54.9
MOZ,2012,55.6
MOZ,2013,56.5
MOZ,2014,57.3
MOZ,2015,58.2
MOZ,2016,59
MOZ,2017,59.8
MOZ,2018,60.5
MOZ,2019,61.2
MOZ,2020,61.2
MOZ,2021,59.3
NAM,1950,41.5
NAM,1951,41.8
NAM,1952,42.4
NAM,1953,43
NAM,1954,43.7
NAM,1955,44.3
NAM,1956,44.9
NAM,1957,45.6
NAM,1958,46.3
NAM,1959,46.9
NAM,1960,47.7
NAM,1961,48.4
NAM,1962,49.1
NAM,1963,49.7
NAM,1964,50.4
NAM,1965,51
NAM,1966,51.4
NAM,1967,52
NAM,1968,52.6
NAM,1969,53.1
NAM,1970,53.6
NAM,1971,54.2
NAM,1972,54.8
NAM,1973,55.4
NAM,1974,55.9
NAM,1975,56.5
NAM,1976,57
NAM,1977,57.6
NAM,1978,58.1
NAM,1979,58.4
NAM,1980,56.8
NAM,1981,57.1
NAM,1982,57.6
NAM,1983,58
NAM,1984,58.5
NAM,1985,59
NAM,1986,59.6
NAM,1987,60.2
NAM,1988,60.2
NAM,1989,62.6
NAM,1990,62.5
NAM,1991,62.1
NAM,1992,61.5
NAM,1993,60.9
NAM,1994,59.8
NAM,1995,58.6
NAM,1996,56.9
NAM,1997,55.6
NAM,1998,54.1
NAM,1999,53
NAM,2000,52
NAM,2001,51.3
NAM,2002,51.3
NAM,2003,51.1
NAM,2004,51.2
NAM,2005,51.8
NAM,2006,52.7
NAM,2007,53.7
NAM,2008,54.7
NAM,2009,55.5
NAM,2010,56
NAM,2011,56.6
NAM,2012,57.6
NAM,2013,58.7
NAM,2014,59.8
NAM,2015,60.7
NAM,2016,61.7
NAM,2017,62.3
NAM,2018,62.6
NAM,2019,63.1
NAM,2020,62.8
NAM,2021,59.3
NER,1921,24.35
NER,1940,34.47
NER,1950,36.3
NER,1951,36.2
NER,1952,36.2
NER,1953,36.1
NER,1954,36.2
NER,1955,36.2
NER,1956,36.3
NER,1957,36.3
NER,1958,36.3
NER,1959,36.3
NER,1960,36.4
NER,1961,36.6
NER,1962,36.6
NER,1963,36.7
NER,1964,36.7
NER,1965,36.8
NER,1966,36.8
NER,1967,36.8
NER,1968,36.6
NER,1969,36.4
NER,1970,36.1
NER,1971,35.3
NER,1972,35.6
NER,1973,35.7
NER,1974,36
NER,1975,36.6
NER,1976,37
NER,1977,37.6
NER,1978,38.5
NER,1979,39.2
NER,1980,39.7
NER,1981,40.2
NER,1982,40.3
NER,1983,40.4
NER,1984,40.1
NER,1985,40
NER,1986,40.1
NER,1987,40.4
NER,1988,40.8
NER,1989,41.2
NER,1990,41.9
NER,1991,42.2
NER,1992,42.9
NER,1993,43.8
NER,1994,44.7
NER,1995,45.8
NER,1996,46.7
NER,1997,47.5
NER,1998,48.2
NER,1999,48.7
NER,2000,49.3
NER,2001,49.8
NER,2002,50.6
NER,2003,51.4
NER,2004,52.6
NER,2005,53.6
NER,2006,54.6
NER,2007,55.6
NER,2008,56.5
NER,2009,57.4
NER,2010,58.4
NER,2011,59
NER,2012,59.6
NER,2013,60.2
NER,2014,60.8
NER,2015,61.1
NER,2016,61.6
NER,2017,62.2
NER,2018,62.5
NER,2019,62.9
NER,2020,61.5
NER,2021,61.6
NGA,1950,35.8
NGA,1951,35.9
NGA,1952,36.1
NGA,1953,36.3
NGA,1954,36.4
NGA,1955,36.7
NGA,1956,36.7
NGA,1957,36.9
NGA,1958,37
NGA,1959,37.2
NGA,1960,37.4
NGA,1961,37.7
NGA,1962,37.8
NGA,1963,38.2
NGA,1964,38.4
NGA,1965,38.7
NGA,1966,38.8
NGA,1967,37.6
NGA,1968,38.5
NGA,1969,38.7
NGA,1970,39.7
NGA,1971,40.5
NGA,1972,41.3
NGA,1973,42
NGA,1974,42.8
NGA,1975,43.7
NGA,1976,44.7
NGA,1977,45.6
NGA,1978,46
NGA,1979,46.2
NGA,1980,46.3
NGA,1981,46.5
NGA,1982,46.5
NGA,1983,46.6
NGA,1984,46.6
NGA,1985,46.3
NGA,1986,46
NGA,1987,46
NGA,1988,46.1
NGA,1989,46.2
NGA,1990,46
NGA,1991,45.7
NGA,1992,45.7
NGA,1993,45.8
NGA,1994,45.5
NGA,1995,45.5
NGA,1996,45.6
NGA,1997,45.8
NGA,1998,46
NGA,1999,46.6
NGA,2000,47.2
NGA,2001,47.6
NGA,2002,47.9
NGA,2003,48.4
NGA,2004,48.8
NGA,2005,49.3
NGA,2006,49.7
NGA,2007,50
NGA,2008,50.2
NGA,2009,50.7
NGA,2010,50.9
NGA,2011,51.4
NGA,2012,51.5
NGA,2013,51.7
NGA,2014,51.8
NGA,2015,51.8
NGA,2016,52
NGA,2017,52.3
NGA,2018,52.6
NGA,2019,52.9
NGA,2020,52.9
NGA,2021,52.7
RWA,1950,43.3
RWA,1951,43.4
RWA,1952,43.7
RWA,1953,43.9
RWA,1954,44
RWA,1955,44.3
RWA,1956,44.4
RWA,1957,45.2
RWA,1958,45.9
RWA,1959,46.6
RWA,1960,47.2
RWA,1961,47.7
RWA,1962,48
RWA,1963,44.1
RWA,1964,48.2
RWA,1965,48.3
RWA,1966,48.2
RWA,1967,48.1
RWA,1968,47.7
RWA,1969,47.4
RWA,1970,47.2
RWA,1971,46.8
RWA,1972,46.5
RWA,1973,45.9
RWA,1974,45.3
RWA,1975,44.7
RWA,1976,44.6
RWA,1977,44.8
RWA,1978,45.5
RWA,1979,46.7
RWA,1980,48
RWA,1981,49.4
RWA,1982,50.7
RWA,1983,51.3
RWA,1984,51.6
RWA,1985,51.7
RWA,1986,51.6
RWA,1987,51.5
RWA,1988,51
RWA,1989,50.2
RWA,1990,48.4
RWA,1991,46.5
RWA,1992,44.3
RWA,1993,42.2
RWA,1994,14.1
RWA,1995,40
RWA,1996,40.7
RWA,1997,40.6
RWA,1998,41.7
RWA,1999,44.6
RWA,2000,47.1
RWA,2001,49
RWA,2002,51
RWA,2003,53.4
RWA,2004,55.5
RWA,2005,57.3
RWA,2006,58.7
RWA,2007,60
RWA,2008,61.1
RWA,2009,62
RWA,2010,62.5
RWA,2011,63.3
RWA,2012,64
RWA,2013,64.4
RWA,2014,64.9
RWA,2015,65.3
RWA,2016,65.7
RWA,2017,65.9
RWA,2018,66.3
RWA,2019,66.4
RWA,2020,66.8
RWA,2021,66.1
STP,1950,40.1
STP,1951,40.2
STP,1952,40.2
STP,1953,40.4
STP,1954,40.4
STP,1955,40.2
STP,1956,38.1
STP,1957,38.9
STP,1958,40
STP,1959,41.6
STP,1960,43
STP,1961,44.4
STP,1962,45.9
STP,1963,46.1
STP,1964,47.2
STP,1965,49
STP,1966,51.6
STP,1967,54.1
STP,1968,54.9
STP,1969,55.1
STP,1970,56.5
STP,1971,56.8
STP,1972,57.3
STP,1973,57.9
STP,1974,58
STP,1975,58.3
STP,1976,58.6
STP,1977,58.8
STP,1978,59.3
STP,1979,59.7
STP,1980,59.7
STP,1981,59.5
STP,1982,59.6
STP,1983,59.4
STP,1984,59.5
STP,1985,59.8
STP,1986,57.5
STP,1987,61
STP,1988,61.3
STP,1989,60.2
STP,1990,61.5
STP,1991,61.4
STP,1992,61.3
STP,1993,61.1
STP,1994,61.1
STP,1995,61.1
STP,1996,61.1
STP,1997,61.2
STP,1998,61.2
STP,1999,61.4
STP,2000,61.7
STP,2001,62
STP,2002,62.6
STP,2003,63.2
STP,2004,63.7
STP,2005,63.7
STP,2006,64.4
STP,2007,64.7
STP,2008,65.1
STP,2009,65.1
STP,2010,65.2
STP,2011,64.9
STP,2012,65.7
STP,2013,66.3
STP,2014,66.8
STP,2015,67.2
STP,2016,67.5
STP,2017,68.3
STP,2018,68.4
STP,2019,68.5
STP,2020,67.8
STP,2021,67.6
SEN,1927,23.9
SEN,1937,26.4
SEN,1945,28.8
SEN,1950,36.4
SEN,1951,36.9
SEN,1952,37.4
SEN,1953,37.8
SEN,1954,38.2
SEN,1955,38.6
SEN,1956,39
SEN,1957,39.4
SEN,1958,39.5
SEN,1959,39.7
SEN,1960,39.9
SEN,1961,39.9
SEN,1962,39.9
SEN,1963,39.9
SEN,1964,39.9
SEN,1965,39.8
SEN,1966,40
SEN,1967,40.1
SEN,1968,40.3
SEN,1969,40.5
SEN,1970,40.8
SEN,1971,41.2
SEN,1972,41.8
SEN,1973,42.6
SEN,1974,43.2
SEN,1975,44.1
SEN,1976,45.1
SEN,1977,46.2
SEN,1978,47.2
SEN,1979,48.2
SEN,1980,49.1
SEN,1981,49.8
SEN,1982,50.6
SEN,1983,51.2
SEN,1984,52
SEN,1985,52.8
SEN,1986,53.9
SEN,1987,54.8
SEN,1988,55.8
SEN,1989,56.4
SEN,1990,56.9
SEN,1991,57.1
SEN,1992,57.1
SEN,1993,57
SEN,1994,57
SEN,1995,56.8
SEN,1996,56.7
SEN,1997,56.6
SEN,1998,56.4
SEN,1999,56.6
SEN,2000,56.9
SEN,2001,57.6
SEN,2002,58.2
SEN,2003,59.1
SEN,2004,60
SEN,2005,60.9
SEN,2006,61.8
SEN,2007,62.5
SEN,2008,63.2
SEN,2009,63.9
SEN,2010,64.6
SEN,2011,65.3
SEN,2012,65.5
SEN,2013,66.1
SEN,2014,66.5
SEN,2015,66.9
SEN,2016,67.5
SEN,2017,67.8
SEN,2018,68.1
SEN,2019,68.5
SEN,2020,68
SEN,2021,67.1
SYC,1950,50.9
SYC,1951,51.3
SYC,1952,51.6
SYC,1953,51.8
SYC,1954,52.1
SYC,1955,51.7
SYC,1956,51.8
SYC,1957,52.1
SYC,1958,52.3
SYC,1959,53.3
SYC,1960,54.5
SYC,1961,54.7
SYC,1962,54.8
SYC,1963,55.1
SYC,1964,54.3
SYC,1965,55.2
SYC,1966,56.3
SYC,1967,57.1
SYC,1968,57.2
SYC,1969,57.8
SYC,1970,58.5
SYC,1971,59.2
SYC,1972,59.9
SYC,1973,60.6
SYC,1974,61.3
SYC,1975,62.1
SYC,1976,62.8
SYC,1977,63.6
SYC,1978,64.3
SYC,1979,64.9
SYC,1980,65.5
SYC,1981,66
SYC,1982,66.5
SYC,1983,67.1
SYC,1984,67.6
SYC,1985,68
SYC,1986,68.5
SYC,1987,68.8
SYC,1988,69.5
SYC,1989,69.3
SYC,1990,69
SYC,1991,68.9
SYC,1992,69.1
SYC,1993,69
SYC,1994,69
SYC,1995,68.5
SYC,1996,68.9
SYC,1997,69
SYC,1998,69.9
SYC,1999,69.5
SYC,2000,69.7
SYC,2001,70
SYC,2002,70.4
SYC,2003,71
SYC,2004,71.2
SYC,2005,71.6
SYC,2006,71.8
SYC,2007,72.1
SYC,2008,72.4
SYC,2009,72.7
SYC,2010,73
SYC,2011,73.8
SYC,2012,73.6
SYC,2013,73.8
SYC,2014,73.7
SYC,2015,73.7
SYC,2016,73.6
SYC,2017,73.8
SYC,2018,74
SYC,2019,74.2
SYC,2020,73.5
SYC,2021,71.3
SLE,1931,24.5
SLE,1950,29.6
SLE,1951,29.8
SLE,1952,30.3
SLE,1953,30.9
SLE,1954,31.3
SLE,1955,31.8
SLE,1956,32.2
SLE,1957,32.6
SLE,1958,33
SLE,1959,33.5
SLE,1960,34
SLE,1961,34.4
SLE,1962,34.9
SLE,1963,35.3
SLE,1964,35.9
SLE,1965,36.4
SLE,1966,36.9
SLE,1967,37.4
SLE,1968,37.8
SLE,1969,38.2
SLE,1970,38.8
SLE,1971,39.3
SLE,1972,39.8
SLE,1973,40.2
SLE,1974,40.7
SLE,1975,41.2
SLE,1976,41.6
SLE,1977,42.1
SLE,1978,42.5
SLE,1979,42.9
SLE,1980,43.1
SLE,1981,43.4
SLE,1982,43.6
SLE,1983,43.8
SLE,1984,43.9
SLE,1985,43.9
SLE,1986,43.8
SLE,1987,44
SLE,1988,44
SLE,1989,44
SLE,1990,44.1
SLE,1991,43.5
SLE,1992,43.6
SLE,1993,43.6
SLE,1994,42.9
SLE,1995,42.7
SLE,1996,43.7
SLE,1997,43.7
SLE,1998,42.8
SLE,1999,42.1
SLE,2000,45.1
SLE,2001,45.7
SLE,2002,46.4
SLE,2003,47
SLE,2004,47.6
SLE,2005,48.2
SLE,2006,49.3
SLE,2007,50.4
SLE,2008,51.5
SLE,2009,52.6
SLE,2010,53.7
SLE,2011,54.6
SLE,2012,55.5
SLE,2013,56.3
SLE,2014,56.4
SLE,2015,57.2
SLE,2016,58.4
SLE,2017,58.7
SLE,2018,59.8
SLE,2019,60.3
SLE,2020,59.8
SLE,2021,60.1
SOM,1950,41.4
SOM,1951,41.5
SOM,1952,41.7
SOM,1953,42
SOM,1954,42.2
SOM,1955,42.4
SOM,1956,42.6
SOM,1957,42.8
SOM,1958,43
SOM,1959,43.2
SOM,1960,43.5
SOM,1961,43.6
SOM,1962,43.9
SOM,1963,44.1
SOM,1964,44.3
SOM,1965,44.5
SOM,1966,44.8
SOM,1967,45
SOM,1968,45.2
SOM,1969,45.4
SOM,1970,45.6
SOM,1971,45.7
SOM,1972,45.9
SOM,1973,46.1
SOM,1974,43.8
SOM,1975,44.2
SOM,1976,44.6
SOM,1977,46.9
SOM,1978,47
SOM,1979,47.3
SOM,1980,47.5
SOM,1981,47.7
SOM,1982,47.8
SOM,1983,48.2
SOM,1984,48.5
SOM,1985,48.3
SOM,1986,48.4
SOM,1987,48.9
SOM,1988,43.8
SOM,1989,46.7
SOM,1990,47.1
SOM,1991,26.6
SOM,1992,27.3
SOM,1993,50.6
SOM,1994,50.3
SOM,1995,50.6
SOM,1996,50.4
SOM,1997,50.2
SOM,1998,50.7
SOM,1999,50.5
SOM,2000,50.7
SOM,2001,50.7
SOM,2002,50.7
SOM,2003,50.6
SOM,2004,50.5
SOM,2005,50.7
SOM,2006,50.6
SOM,2007,50.5
SOM,2008,51.1
SOM,2009,51.9
SOM,2010,50.6
SOM,2011,51.3
SOM,2012,53.2
SOM,2013,53.8
SOM,2014,54.3
SOM,2015,54.9
SOM,2016,55
SOM,2017,55.7
SOM,2018,56.4
SOM,2019,57.1
SOM,2020,56
SOM,2021,55.3
ZAF,1950,43.5
ZAF,1951,44.2
ZAF,1952,45.1
ZAF,1953,46
ZAF,1954,47.1
ZAF,1955,48.3
ZAF,1956,49.3
ZAF,1957,50.4
ZAF,1958,51.3
ZAF,1959,52.1
ZAF,1960,52.7
ZAF,1961,53.1
ZAF,1962,53.4
ZAF,1963,53.6
ZAF,1964,53.9
ZAF,1965,54.2
ZAF,1966,54.4
ZAF,1967,54.6
ZAF,1968,54.9
ZAF,1969,55.2
ZAF,1970,55.6
ZAF,1971,56
ZAF,1972,56.3
ZAF,1973,56.7
ZAF,1974,57.1
ZAF,1975,57.5
ZAF,1976,58
ZAF,1977,58.5
ZAF,1978,59
ZAF,1979,59.4
ZAF,1980,59.8
ZAF,1981,60.4
ZAF,1982,60.9
ZAF,1983,61.5
ZAF,1984,61.9
ZAF,1985,62.4
ZAF,1986,62.9
ZAF,1987,63
ZAF,1988,63.3
ZAF,1989,63.3
ZAF,1990,63.4
ZAF,1991,63.3
ZAF,1992,63.3
ZAF,1993,63
ZAF,1994,62.6
ZAF,1995,62.3
ZAF,1996,61.5
ZAF,1997,60.8
ZAF,1998,60
ZAF,1999,59.2
ZAF,2000,58.5
ZAF,2001,57.3
ZAF,2002,55.7
ZAF,2003,54.3
ZAF,2004,54
ZAF,2005,54
ZAF,2006,54.3
ZAF,2007,55
ZAF,2008,56
ZAF,2009,57.4
ZAF,2010,58.9
ZAF,2011,60.7
ZAF,2012,61.8
ZAF,2013,62.5
ZAF,2014,63.4
ZAF,2015,63.9
ZAF,2016,64.7
ZAF,2017,65.4
ZAF,2018,65.7
ZAF,2019,66.2
ZAF,2020,65.3
ZAF,2021,62.3
SSD,1950,31.2
SSD,1951,31.5
SSD,1952,32
SSD,1953,32.5
SSD,1954,32.9
SSD,1955,33.2
SSD,1956,32.5
SSD,1957,31.7
SSD,1958,28.2
SSD,1959,28.4
SSD,1960,28.7
SSD,1961,28.8
SSD,1962,29.1
SSD,1963,28.8
SSD,1964,33.1
SSD,1965,29.3
SSD,1966,26.1
SSD,1967,26.4
SSD,1968,26.7
SSD,1969,26.1
SSD,1970,26.4
SSD,1971,31.6
SSD,1972,31.9
SSD,1973,36.5
SSD,1974,36.5
SSD,1975,36.7
SSD,1976,36.8
SSD,1977,37.3
SSD,1978,37.6
SSD,1979,37.9
SSD,1980,38.4
SSD,1981,38.8
SSD,1982,39.1
SSD,1983,35.5
SSD,1984,32.7
SSD,1985,33.2
SSD,1986,33.6
SSD,1987,21.9
SSD,1988,12.4
SSD,1989,29.7
SSD,1990,29.9
SSD,1991,30.1
SSD,1992,22.7
SSD,1993,22.7
SSD,1994,44.4
SSD,1995,30.9
SSD,1996,31.3
SSD,1997,32.2
SSD,1998,18.4
SSD,1999,43.2
SSD,2000,46
SSD,2001,46.9
SSD,2002,47.5
SSD,2003,50.3
SSD,2004,50.9
SSD,2005,51.5
SSD,2006,52
SSD,2007,52.9
SSD,2008,53.5
SSD,2009,53.9
SSD,2010,54.8
SSD,2011,54.9
SSD,2012,55.9
SSD,2013,55.8
SSD,2014,55
SSD,2015,55.6
SSD,2016,55.5
SSD,2017,55.3
SSD,2018,55.9
SSD,2019,55.9
SSD,2020,55.5
SSD,2021,55
SDN,1950,46.8
SDN,1951,47
SDN,1952,47.6
SDN,1953,47.9
SDN,1954,48.3
SDN,1955,48.7
SDN,1956,48.6
SDN,1957,48.1
SDN,1958,45.8
SDN,1959,46.3
SDN,1960,46.6
SDN,1961,47
SDN,1962,47.4
SDN,1963,46.2
SDN,1964,49.5
SDN,1965,46.9
SDN,1966,44.6
SDN,1967,45.1
SDN,1968,45.5
SDN,1969,45.1
SDN,1970,45.5
SDN,1971,49.6
SDN,1972,49.9
SDN,1973,53.1
SDN,1974,53.2
SDN,1975,53.4
SDN,1976,53.5
SDN,1977,53.6
SDN,1978,53.4
SDN,1979,53.6
SDN,1980,53.9
SDN,1981,54.1
SDN,1982,54.3
SDN,1983,47.5
SDN,1984,46.2
SDN,1985,46.5
SDN,1986,51.5
SDN,1987,43.4
SDN,1988,35.9
SDN,1989,49.3
SDN,1990,49.7
SDN,1991,50.2
SDN,1992,45.9
SDN,1993,46.6
SDN,1994,56.6
SDN,1995,52
SDN,1996,52.3
SDN,1997,52.8
SDN,1998,48.8
SDN,1999,57
SDN,2000,58.3
SDN,2001,58.6
SDN,2002,59
SDN,2003,58.2
SDN,2004,56.8
SDN,2005,57.3
SDN,2006,60.3
SDN,2007,61.3
SDN,2008,61.2
SDN,2009,62.6
SDN,2010,63
SDN,2011,63.2
SDN,2012,63.8
SDN,2013,63.7
SDN,2014,64.3
SDN,2015,64.7
SDN,2016,64.8
SDN,2017,65.4
SDN,2018,65.7
SDN,2019,65.9
SDN,2020,65.6
SDN,2021,65.3
TZA,1950,41.3
TZA,1951,41.5
TZA,1952,41.7
TZA,1953,41.8
TZA,1954,42
TZA,1955,42.2
TZA,1956,42.3
TZA,1957,42.5
TZA,1958,42.7
TZA,1959,42.8
TZA,1960,42.9
TZA,1961,43.1
TZA,1962,43.3
TZA,1963,43.5
TZA,1964,43.7
TZA,1965,44
TZA,1966,44.4
TZA,1967,44.8
TZA,1968,45.4
TZA,1969,46
TZA,1970,46.4
TZA,1971,46.9
TZA,1972,47.3
TZA,1973,48
TZA,1974,48.3
TZA,1975,48.7
TZA,1976,49.2
TZA,1977,49.8
TZA,1978,50.3
TZA,1979,50.9
TZA,1980,51.2
TZA,1981,51.5
TZA,1982,51.5
TZA,1983,51.5
TZA,1984,51.5
TZA,1985,51.6
TZA,1986,51.7
TZA,1987,51.7
TZA,1988,51.8
TZA,1989,51.7
TZA,1990,51.5
TZA,1991,51.3
TZA,1992,51
TZA,1993,50.9
TZA,1994,50.8
TZA,1995,50.8
TZA,1996,50.7
TZA,1997,50.6
TZA,1998,50.9
TZA,1999,51.7
TZA,2000,52.4
TZA,2001,53.2
TZA,2002,53.9
TZA,2003,54.9
TZA,2004,55.6
TZA,2005,56.3
TZA,2006,56.9
TZA,2007,57.5
TZA,2008,58.1
TZA,2009,58.9
TZA,2010,60.1
TZA,2011,61
TZA,2012,62
TZA,2013,63
TZA,2014,63.9
TZA,2015,64.7
TZA,2016,65.4
TZA,2017,66
TZA,2018,66.5
TZA,2019,67
TZA,2020,66.4
TZA,2021,66.2
TGO,1950,40.9
TGO,1951,41
TGO,1952,41.2
TGO,1953,41.4
TGO,1954,41.5
TGO,1955,41.6
TGO,1956,41.8
TGO,1957,42
TGO,1958,42.2
TGO,1959,42.4
TGO,1960,42.7
TGO,1961,42.9
TGO,1962,43.2
TGO,1963,43.4
TGO,1964,43.7
TGO,1965,44
TGO,1966,44.4
TGO,1967,44.8
TGO,1968,45.3
TGO,1969,45.7
TGO,1970,46.1
TGO,1971,46.6
TGO,1972,47.1
TGO,1973,47.6
TGO,1974,48.1
TGO,1975,48.7
TGO,1976,49.3
TGO,1977,49.8
TGO,1978,50.2
TGO,1979,50.8
TGO,1980,51.2
TGO,1981,51.8
TGO,1982,52.3
TGO,1983,52.6
TGO,1984,53.1
TGO,1985,53.4
TGO,1986,53.7
TGO,1987,54.1
TGO,1988,54.3
TGO,1989,54.4
TGO,1990,54.4
TGO,1991,54.3
TGO,1992,54.3
TGO,1993,54.2
TGO,1994,54
TGO,1995,54
TGO,1996,54.1
TGO,1997,54.2
TGO,1998,54.2
TGO,1999,54.5
TGO,2000,54.7
TGO,2001,54.9
TGO,2002,55.3
TGO,2003,55.6
TGO,2004,55.6
TGO,2005,56
TGO,2006,56.2
TGO,2007,56.5
TGO,2008,56.7
TGO,2009,57
TGO,2010,57.3
TGO,2011,57.9
TGO,2012,58.1
TGO,2013,58.7
TGO,2014,58.9
TGO,2015,59.4
TGO,2016,59.6
TGO,2017,60.2
TGO,2018,60.2
TGO,2019,60.9
TGO,2020,61
TGO,2021,61.6
TUN,1923,28.8
TUN,1933,31.22
TUN,1943,33.72
TUN,1950,37.6
TUN,1951,38.1
TUN,1952,38.8
TUN,1953,39.3
TUN,1954,39.6
TUN,1955,40.4
TUN,1956,41.1
TUN,1957,41.8
TUN,1958,42.5
TUN,1959,43.2
TUN,1960,43.9
TUN,1961,44.1
TUN,1962,45.5
TUN,1963,46.5
TUN,1964,47.4
TUN,1965,48.4
TUN,1966,49.3
TUN,1967,50.5
TUN,1968,51.6
TUN,1969,52.5
TUN,1970,53.9
TUN,1971,54.8
TUN,1972,56.1
TUN,1973,57.2
TUN,1974,58.3
TUN,1975,59.5
TUN,1976,60.4
TUN,1977,61.5
TUN,1978,62.3
TUN,1979,63.2
TUN,1980,64
TUN,1981,64.7
TUN,1982,65.4
TUN,1983,66.1
TUN,1984,66.8
TUN,1985,67.6
TUN,1986,68.2
TUN,1987,68.9
TUN,1988,69.6
TUN,1989,69.7
TUN,1990,70.1
TUN,1991,70.5
TUN,1992,70.7
TUN,1993,71.2
TUN,1994,71.6
TUN,1995,72
TUN,1996,72.4
TUN,1997,72.9
TUN,1998,73.2
TUN,1999,73.5
TUN,2000,73.7
TUN,2001,73.8
TUN,2002,74.1
TUN,2003,74.3
TUN,2004,74.5
TUN,2005,74.8
TUN,2006,74.9
TUN,2007,75.1
TUN,2008,75.2
TUN,2009,75.3
TUN,2010,75.4
TUN,2011,75.5
TUN,2012,75.5
TUN,2013,75.7
TUN,2014,75.6
TUN,2015,75.7
TUN,2016,75.8
TUN,2017,75.8
TUN,2018,76
TUN,2019,76
TUN,2020,75.3
TUN,2021,73.8
UGA,1927,23.9
UGA,1937,26.4
UGA,1945,28.8
UGA,1950,39.3
UGA,1951,39.6
UGA,1952,40.1
UGA,1953,40.6
UGA,1954,41.1
UGA,1955,41.7
UGA,1956,42.3
UGA,1957,43.1
UGA,1958,43.9
UGA,1959,44.7
UGA,1960,45.5
UGA,1961,46.3
UGA,1962,47
UGA,1963,47.4
UGA,1964,47.9
UGA,1965,48.2
UGA,1966,48.3
UGA,1967,49
UGA,1968,49.2
UGA,1969,49.5
UGA,1970,49.6
UGA,1971,46.9
UGA,1972,47
UGA,1973,46.8
UGA,1974,46.6
UGA,1975,46.3
UGA,1976,45.9
UGA,1977,45.5
UGA,1978,45.2
UGA,1979,45
UGA,1980,42.9
UGA,1981,43.1
UGA,1982,43.2
UGA,1983,43.5
UGA,1984,43.8
UGA,1985,45.4
UGA,1986,45.3
UGA,1987,46.6
UGA,1988,46.7
UGA,1989,46.5
UGA,1990,46.4
UGA,1991,46.3
UGA,1992,46.4
UGA,1993,46.2
UGA,1994,46.4
UGA,1995,46.6
UGA,1996,46.7
UGA,1997,47
UGA,1998,47.2
UGA,1999,47.8
UGA,2000,48.3
UGA,2001,49
UGA,2002,49.6
UGA,2003,50.4
UGA,2004,51.5
UGA,2005,53
UGA,2006,54.4
UGA,2007,55.2
UGA,2008,55.8
UGA,2009,56.5
UGA,2010,57.1
UGA,2011,58
UGA,2012,58.8
UGA,2013,59.8
UGA,2014,60.4
UGA,2015,61.1
UGA,2016,61.6
UGA,2017,62.1
UGA,2018,62.7
UGA,2019,63
UGA,2020,62.9
UGA,2021,62.7
ZMB,1950,45.1
ZMB,1951,45.3
ZMB,1952,45.7
ZMB,1953,46.1
ZMB,1954,46.5
ZMB,1955,47
ZMB,1956,47.4
ZMB,1957,47.8
ZMB,1958,48.2
ZMB,1959,48.7
ZMB,1960,49
ZMB,1961,49.5
ZMB,1962,49.8
ZMB,1963,50.1
ZMB,1964,49.8
ZMB,1965,50.6
ZMB,1966,50.7
ZMB,1967,50.8
ZMB,1968,50.9
ZMB,1969,51.1
ZMB,1970,51.5
ZMB,1971,52
ZMB,1972,52.6
ZMB,1973,53.3
ZMB,1974,53.9
ZMB,1975,54.2
ZMB,1976,54.6
ZMB,1977,54.7
ZMB,1978,54.6
ZMB,1979,54.4
ZMB,1980,54.1
ZMB,1981,54
ZMB,1982,53.9
ZMB,1983,53.4
ZMB,1984,52.8
ZMB,1985,51.9
ZMB,1986,51.1
ZMB,1987,50.3
ZMB,1988,49.5
ZMB,1989,48.7
ZMB,1990,47.9
ZMB,1991,47.1
ZMB,1992,46.5
ZMB,1993,46.2
ZMB,1994,45.9
ZMB,1995,45.6
ZMB,1996,45.2
ZMB,1997,44.9
ZMB,1998,44.7
ZMB,1999,44.7
ZMB,2000,45.2
ZMB,2001,46
ZMB,2002,47
ZMB,2003,48.3
ZMB,2004,49.5
ZMB,2005,50.7
ZMB,2006,51.8
ZMB,2007,52.7
ZMB,2008,53.9
ZMB,2009,55.3
ZMB,2010,56.8
ZMB,2011,57.8
ZMB,2012,58.9
ZMB,2013,59.9
ZMB,2014,60.7
ZMB,2015,61.2
ZMB,2016,61.8
ZMB,2017,62.1
ZMB,2018,62.3
ZMB,2019,62.8
ZMB,2020,62.4
ZMB,2021,61.2
ZWE,1950,49.6
ZWE,1951,49.9
ZWE,1952,50.2
ZWE,1953,50.6
ZWE,1954,51
ZWE,1955,51.3
ZWE,1956,51.7
ZWE,1957,52.1
ZWE,1958,52.4
ZWE,1959,52.8
ZWE,1960,53.2
ZWE,1961,53.6
ZWE,1962,54.1
ZWE,1963,54.5
ZWE,1964,55
ZWE,1965,55.5
ZWE,1966,55.9
ZWE,1967,56.2
ZWE,1968,56.5
ZWE,1969,56.7
ZWE,1970,57
ZWE,1971,57.2
ZWE,1972,57.4
ZWE,1973,57.4
ZWE,1974,57.5
ZWE,1975,57.6
ZWE,1976,56.9
ZWE,1977,56.3
ZWE,1978,54.6
ZWE,1979,55
ZWE,1980,58.7
ZWE,1981,59.3
ZWE,1982,59.9
ZWE,1983,60.2
ZWE,1984,61.1
ZWE,1985,61.6
ZWE,1986,62
ZWE,1987,61.8
ZWE,1988,61.3
ZWE,1989,60.4
ZWE,1990,59.4
ZWE,1991,58.1
ZWE,1992,56.4
ZWE,1993,54.4
ZWE,1994,52.6
ZWE,1995,50.5
ZWE,1996,49
ZWE,1997,48
ZWE,1998,46.8
ZWE,1999,45.2
ZWE,2000,44.7
ZWE,2001,42
ZWE,2002,44.6
ZWE,2003,43.4
ZWE,2004,44.5
ZWE,2005,44.8
ZWE,2006,45.4
ZWE,2007,45.6
ZWE,2008,46.7
ZWE,2009,48.1
ZWE,2010,50.7
ZWE,2011,53.3
ZWE,2012,55.6
ZWE,2013,57.5
ZWE,2014,58.8
ZWE,2015,59.6
ZWE,2016,60.3
ZWE,2017,60.7
ZWE,2018,61.4
ZWE,2019,61.3
ZWE,2020,61.1
ZWE,2021,59.3
